1,u'coffee ice', u'coffee'
1,u'tamarind paste', u'tamarind', u'paste'
1,u'spaghetti pasta', u'spaghetti', u'pasta'
1,u'beet juice', u'beet', u'juice'
1,u'citrus liqueur', u'citrus', u'liqueur'
1,u'hazelnut praline', u'hazelnut', u'praline'
1,u'almond toffee', u'almond', u'toffee'
1,u'linguine pasta', u'linguine', u'pasta'
1,u'pork shoulder', u'pork', u'shoulder'
1,u'bacon dripping', u'bacon'
1,u'champagne wine', u'champagne', u'wine'
1,u'chocolate wafer', u'chocolate', u'wafer'
1,u'veal shoulder', u'veal', u'shoulder'
1,u'sorrel cress', u'sorrel', u'cress'
1,u'fig jam', u'fig'
1,u'wasabi paste', u'wasabi', u'paste'
1,u'pineapple quince', u'pineapple', u'quince'
1,u'venison shoulder', u'venison', u'shoulder'
1,u'fennel sprout', u'fennel', u'sprout'
1,u'wheat linguine', u'wheat', u'linguine'
1,u'apple sherry', u'apple', u'sherry'
1,u'gravy beef', u'gravy', u'beef'
1,u'beaujolais wine', u'beaujolais', u'wine'
1,u'juice cocktail', u'juice', u'cocktail'
1,u'chardonnay vinegar', u'chardonnay', u'vinegar'
1,u'fish soup', u'fish', u'soup'
1,u'curry paste', u'curry', u'paste'
1,u'tangerine juice', u'tangerine', u'juice'
1,u'buffalo mozzarella', u'buffalo', u'mozzarella'
1,u'pork rib', u'pork', u'rib'
1,u'lamb liver', u'lamb', u'liver'
1,u'tempura batter', u'tempura', u'batter'
1,u'meat gravy', u'meat', u'gravy'
1,u'onion juice', u'onion', u'juice'
1,u'vanilla syrup', u'vanilla', u'syrup'
1,u'clam juice', u'clam', u'juice'
1,u'green grape', u'grape'
1,u'apple cider', u'apple', u'cider'
1,u'lamb loin', u'lamb', u'loin'
1,u'veal rib', u'veal', u'rib'
1,u'penne pasta', u'penne', u'pasta'
1,u'duck heart', u'duck'
1,u'pastry tart', u'pastry', u'tart'
1,u'lamb sirloin', u'lamb', u'sirloin'
1,u'chestnut paste', u'chestnut', u'paste'
1,u'pork liver', u'pork', u'liver'
1,u'leek green', u'leek'
1,u'pomegranate molasses', u'pomegranate', u'molasses'
1,u'gingersnap cooky', u'gingersnap', u'cooky'
1,u'fish stock', u'fish'
1,u'beef rib', u'beef', u'rib'
1,u'kosher gelatin', u'kosher', u'gelatin'
1,u'garlic chile', u'garlic', u'chile'
1,u'guava paste', u'guava', u'paste'
1,u'grape tomato', u'grape', u'tomato'
1,u'quahog clam', u'quahog', u'clam'
1,u'pistachio paste', u'pistachio', u'paste'
1,u'moselle wine', u'moselle', u'wine'
1,u'green tabasco', u'tabasco'
1,u'cream liqueur', u'cream', u'liqueur'
1,u'veal demiglace', u'veal', u'demiglace'
1,u'horseradish cream', u'horseradish', u'cream'
1,u'rigatoni pasta', u'rigatoni', u'pasta'
1,u'cherry jam', u'cherry'
1,u'batter mix', u'batter', u'mix'
1,u'mutton saddle', u'mutton'
1,u'green mango', u'mango'
1,u'prune plum', u'prune', u'plum'
1,u'veal marrow', u'veal', u'marrow'
1,u'sesame paste', u'sesame', u'paste'
1,u'green prawn', u'prawn'
1,u'lamb shoulder', u'lamb', u'shoulder'
1,u'gooseberry jam', u'gooseberry'
1,u'vegetable bouillon', u'vegetable', u'bouillon'
1,u'marsala wine', u'marsala', u'wine'
1,u'hazelnut oil', u'hazelnut', u'oil'
1,u'molasses sugar', u'molasses', u'sugar'
1,u'rabbit liver', u'rabbit', u'liver'
1,u'pork leg', u'pork', u'leg'
1,u'lemon vinaigrette', u'lemon', u'vinaigrette'
1,u'merlot wine', u'merlot', u'wine'
1,u'roast chicken', u'roast', u'chicken'
1,u'anjou pear', u'anjou', u'pear'
1,u'veal scallop', u'veal', u'scallop'
1,u'milk couverture', u'milk', u'couverture'
1,u'wiener sausage', u'wiener', u'sausage'
1,u'sweet onion', u'sweet', u'onion'
1,u'raspberry sauce', u'raspberry', u'sauce'
1,u'seafood stock', u'seafood'
1,u'champagne grape', u'champagne', u'grape'
1,u'vegetable broth', u'vegetable', u'broth'
1,u'lamb tongue', u'lamb'
1,u'pistachio oil', u'pistachio', u'oil'
1,u'rock sugar', u'sugar'
1,u'soy cream', u'soy', u'cream'
1,u'pekoe tea', u'pekoe', u'tea'
1,u'mutton dripping', u'mutton'
1,u'quince paste', u'quince', u'paste'
1,u'cheese ravioli', u'cheese', u'ravioli'
1,u'rice cereal', u'rice', u'cereal'
1,u'tuna loin', u'tuna', u'loin'
1,u'salmon caviar', u'salmon', u'caviar'
1,u'stilton cheese', u'stilton', u'cheese'
1,u'green shallot', u'shallot'
1,u'beef marrow', u'beef', u'marrow'
1,u'danish bread', u'danish', u'bread'
1,u'chestnut flour', u'chestnut', u'flour'
1,u'kosher salt', u'kosher', u'salt'
1,u'lamb tenderloin', u'lamb', u'tenderloin'
1,u'pork sparerib', u'pork', u'sparerib'
1,u'venison chop', u'venison'
1,u'pear brandy', u'pear', u'brandy'
1,u'cherry nectar', u'cherry', u'nectar'
1,u'fish sauce', u'fish', u'sauce'
1,u'beef mince', u'beef', u'mince'
1,u'mullet roe', u'mullet', u'roe'
1,u'apple puree', u'apple', u'puree'
1,u'venison offal', u'venison', u'offal'
1,u'lasagne pasta', u'lasagne', u'pasta'
1,u'pork stock', u'pork'
1,u'hyson tea', u'hyson', u'tea'
1,u'filet beef', u'filet', u'beef'
1,u'crayfish bisque', u'crayfish', u'bisque'
1,u'camembert cheese', u'camembert', u'cheese'
1,u'lamb rib', u'lamb', u'rib'
1,u'watermelon radish', u'watermelon', u'radish'
1,u'peach liqueur', u'peach', u'liqueur'
1,u'pear juice', u'pear', u'juice'
1,u'plum liqueur', u'plum', u'liqueur'
1,u'salmon roe', u'salmon', u'roe'
1,u'veal stock', u'veal'
1,u'currant jam', u'currant'
1,u'veal rump', u'veal', u'rump'
1,u'lemon cucumber', u'lemon', u'cucumber'
1,u'peach brandy', u'peach', u'brandy'
1,u'nutmeg oil', u'nutmeg', u'oil'
1,u'plum brandy', u'plum', u'brandy'
1,u'raspberry vinaigrette', u'raspberry', u'vinaigrette'
1,u'green chilli', u'chilli'
1,u'celery juice', u'celery', u'juice'
1,u'green chile', u'chile'
1,u'orange bitter', u'orange'
1,u'pork mince', u'pork', u'mince'
1,u'rice vinegar', u'rice', u'vinegar'
1,u'mint oil', u'mint', u'oil'
1,u'phyllo pastry', u'phyllo', u'pastry'
1,u'veal tenderloin', u'veal', u'tenderloin'
1,u'beef heart', u'beef'
1,u'walnut vinaigrette', u'walnut', u'vinaigrette'
1,u'duck liver', u'duck', u'liver'
1,u'plum jam', u'plum'
1,u'vanilla sugar', u'vanilla', u'sugar'
1,u'cod roe', u'cod', u'roe'
1,u'pecan ice', u'pecan'
1,u'pistachio flour', u'pistachio', u'flour'
1,u'raspberry brandy', u'raspberry', u'brandy'
1,u'bagel chip', u'bagel'
1,u'rosemary oil', u'rosemary', u'oil'
1,u'jack cheese', 'cheese'
1,u'muscadet wine', u'muscadet', u'wine'
1,u'venison sparerib', u'venison', u'sparerib'
1,u'coconut chip', u'coconut'
1,u'scallop roe', u'scallop', u'roe'
1,u'green herb', u'herb'
1,u'cocktail sausage', u'cocktail', u'sausage'
1,u'rabbit saddle', u'rabbit'
1,u'duck leg', u'duck', u'leg'
1,u'pecan oil', u'pecan', u'oil'
1,u'soy milk', u'soy', u'milk'
1,u'raspberry jam', u'raspberry'
1,u'crepe mushroom', u'crepe', u'mushroom'
1,u'green radish', u'radish'
1,u'sage sausage', u'sage', u'sausage'
1,u'round lettuce', u'lettuce'
1,u'chocolate liqueur', u'chocolate', u'liqueur'
1,u'maize meal', u'maize', u'meal'
1,u'blackberry liqueur', u'blackberry', u'liqueur'
1,u'chervil sprout', u'chervil', u'sprout'
1,u'pear vinegar', u'pear', u'vinegar'
1,u'chou pastry', u'chou', u'pastry'
1,u'lobster bisque', u'lobster', u'bisque'
1,u'green wheat', u'wheat'
1,u'medium grain', u'grain'
1,u'cheese wedge', u'cheese', u'wedge'
1,u'beef tournedos', u'beef', u'tournedos'
1,u'rye meal', u'rye', u'meal'
1,u'lamb brain', u'lamb', u'brain'
1,u'sauternes wine', u'sauternes', u'wine'
1,u'soup mix', u'soup', u'mix'
1,u'lamb saddle', u'lamb'
1,u'peach schnapps', u'peach', u'schnapps'
1,u'banana ice', u'banana'
1,u'green tomato', u'tomato'
1,u'chile oil', u'chile', u'oil'
1,u'vanilla wafer', u'vanilla', u'wafer'
1,u'veal liver', u'veal', u'liver'
1,u'apricot jam', u'apricot'
1,u'pistachio ice', u'pistachio'
1,u'green vegetable', u'vegetable'
1,u'grain rice', u'grain', u'rice'
1,u'parmesan cheese', u'parmesan', u'cheese'
1,u'sour gherkin', u'gherkin'
1,u'vegetable juice', u'vegetable', u'juice'
1,u'chestnut mushroom', u'chestnut', u'mushroom'
1,u'sweet paprika', u'sweet', u'paprika'
1,u'walnut wine', u'walnut', u'wine'
1,u'fettuccine pasta', u'fettuccine', u'pasta'
1,u'prune juice', u'prune', u'juice'
1,u'veal tongue', u'veal'
1,u'mushroom liquor', u'mushroom', u'liquor'
1,u'hamburger patty', u'hamburger', u'patty'
1,u'apricot nectar', u'apricot', u'nectar'
1,u'mushroom truffle', u'mushroom', u'truffle'
1,u'veal chop', u'veal'
1,u'currant juice', u'currant', u'juice'
1,u'green papaya', u'papaya'
1,u'buckwheat flour', u'buckwheat', u'flour'
1,u'blackberry jam', u'blackberry'
1,u'veal forequarter', u'veal', u'forequarter'
1,u'green chartreuse', u'chartreuse'
1,u'ginger syrup', u'ginger', u'syrup'
1,u'vegetable stock', u'vegetable'
1,u'meat dripping', u'meat'
1,u'banana squash', u'banana', u'squash'
1,u'orange pepper', u'orange', u'pepper'
1,u'hazelnut paste', u'hazelnut', u'paste'
1,u'shoulder chop', u'shoulder'
1,u'soya sauce', u'soya', u'sauce'
1,u'chili oil', u'chili', u'oil'
1,u'malt vinegar', u'malt', u'vinegar'
1,u'champagne vinegar', u'champagne', u'vinegar'
1,u'amaranth flour', u'amaranth', u'flour'
1,u'hazelnut flour', u'hazelnut', u'flour'
1,u'rabbit shoulder', u'rabbit', u'shoulder'
1,u'fig brandy', u'fig', u'brandy'
1,u'celery heart', u'celery'
1,u'apricot ice', u'apricot'
1,u'adobo sauce', u'adobo', u'sauce'
1,u'madeira pork', u'madeira', u'pork'
1,u'rabbit stock', u'rabbit'
1,u'garlic oil', u'garlic', u'oil'
1,u'almond milk', u'almond', u'milk'
1,u'raspberry juice', u'raspberry', u'juice'
1,u'lime oil', u'lime', u'oil'
1,u'loin chop', u'loin'
1,u'muenster cheese', u'muenster', u'cheese'
1,u'knackwurst sausage', u'knackwurst', u'sausage'
1,u'chorizo sausage', u'chorizo', u'sausage'
1,u'horseradish relish', u'horseradish', u'relish'
1,u'kingfish fillet', u'kingfish', u'fillet'
1,u'rock shrimp', u'shrimp'
1,u'tamarind concentrate', u'tamarind'
1,u'lemon syrup', u'lemon', u'syrup'
1,u'beef rump', u'beef', u'rump'
1,u'mutton shoulder', u'mutton', u'shoulder'
1,u'pheasant liver', u'pheasant', u'liver'
1,u'emmental cheese', u'emmental', u'cheese'
1,u'veal saddle', u'veal'
1,u'seltzer water', u'seltzer'
1,u'salad mix', u'salad', u'mix'
1,u'lobster tomalley', u'lobster', u'tomalley'
1,u'mutton tongue', u'mutton'
1,u'venison leg', u'venison', u'leg'
1,u'corn tortilla', u'corn', u'tortilla'
1,u'hazelnut meal', u'hazelnut', u'meal'
1,u'strudel pastry', u'strudel', u'pastry'
1,u'blackberry juice', u'blackberry', u'juice'
1,u'pear nectar', u'pear', u'nectar'
1,u'madeira wine', u'madeira', u'wine'
1,u'sauce mix', u'sauce', u'mix'
1,u'breakfast radish', u'breakfast', u'radish'
1,u'veal brisket', u'veal', u'brisket'
1,u'monkfish liver', u'monkfish', u'liver'
1,u'pear liqueur', u'pear', u'liqueur'
1,u'tagliatelle pasta', u'tagliatelle', u'pasta'
1,u'coffee tequila', u'coffee', u'tequila'
1,u'round beef', u'beef'
1,u'herb vinegar', u'herb', u'vinegar'
1,u'pork chine', u'pork', u'chine'
1,u'bread flour', u'bread', u'flour'
1,u'spearmint tea', u'spearmint', u'tea'
1,u'rice wine', u'rice', u'wine'
1,u'muscadine juice', u'muscadine', u'juice'
1,u'paddy herb', u'paddy', u'herb'
1,u'cocktail onion', u'cocktail', u'onion'
1,u'swordfish steak', u'swordfish', u'steak'
1,u'game hen', u'hen'
1,u'amontillado sherry', u'amontillado', u'sherry'
1,u'green mussel', u'mussel'
1,u'raspberry ice', u'raspberry'
1,u'green orach', u'orach'
1,u'veal broth', u'veal', u'broth'
1,u'chipotle chilli', u'chipotle', u'chilli'
1,u'hollandaise sauce', u'hollandaise', u'sauce'
1,u'spinach juice', u'spinach', u'juice'
1,u'frankfurter sausage', u'frankfurter', u'sausage'
1,u'malt syrup', u'malt', u'syrup'
1,u'green apple', u'apple'
1,u'haricot blanc', u'haricot', u'blanc'
1,u'almond flour', u'almond', u'flour'
1,u'mint syrup', u'mint', u'syrup'
1,u'corn flour', u'corn', u'flour'
1,u'spaghettini pasta', u'spaghettini', u'pasta'
1,u'radish cress', u'radish', u'cress'
1,u'green almond', u'almond'
1,u'apple brandy', u'apple', u'brandy'
1,u'pumpernickel flour', u'pumpernickel', u'flour'
1,u'irish cream', u'irish', u'cream'
1,u'orzo pasta', u'orzo', u'pasta'
1,u'oktoberfest spice', u'oktoberfest', u'spice'
1,u'lamb dripping', u'lamb'
1,u'duck stock', u'duck'
1,u'wine grape', u'wine', u'grape'
1,u'mutton leg', u'mutton', u'leg'
1,u'ham leg', u'ham', u'leg'
1,u'vermicelli noodle', u'vermicelli', u'noodle'
1,u'peppermint schnapps', u'peppermint', u'schnapps'
1,u'lemon ice', u'lemon'
1,u'oyster liquor', u'oyster', u'liquor'
1,u'custard marrow', u'custard', u'marrow'
1,u'beef sausage', u'beef', u'sausage'
1,u'irish oat', u'irish', u'oat'
1,u'wheat danish', u'wheat', u'danish'
1,u'cherry brandy', u'cherry', u'brandy'
1,u'wheat couscous', u'wheat', u'couscous'
1,u'shellfish stock', u'shellfish'
1,u'lasagna pasta', u'lasagna', u'pasta'
1,u'tart cherry', u'tart', u'cherry'
1,u'fig vodka', u'fig', u'vodka'
1,u'berry jam', u'berry'
1,u'espagnole sauce', u'espagnole', u'sauce'
1,u'orange syrup', u'orange', u'syrup'
1,u'hazelnut butter', u'hazelnut', u'butter'
1,u'butternut pumpkin', u'butternut', u'pumpkin'
1,u'roast coffee', u'roast', u'coffee'
1,u'green walnut', u'walnut'
1,u'chestnut honey', u'chestnut', u'honey'
1,u'garlic sausage', u'garlic', u'sausage'
1,u'wheat cracker', u'wheat', u'cracker'
1,u'cherry vinegar', u'cherry', u'vinegar'
1,u'vanilla tea', u'vanilla', u'tea'
1,u'duck dripping', u'duck'
1,u'chocolate chip', u'chocolate'
1,u'partridge liver', u'partridge', u'liver'
1,u'round courgette', u'courgette'
1,u'beef sparerib', u'beef', u'sparerib'
1,u'flour tortilla', u'flour', u'tortilla'
1,u'pumpkin puree', u'pumpkin', u'puree'
1,u'duck egg', u'duck', u'egg'
1,u'sandwich roll', u'sandwich'
1,u'orange brandy', u'orange', u'brandy'
1,u'fish broth', u'fish', u'broth'
1,u'beef tomato', u'beef', u'tomato'
1,u'angelica rum', u'angelica', u'rum'
1,u'thyme honey', u'thyme', u'honey'
1,u'venison saddle', u'venison'
1,u'coriander soup', u'coriander', u'soup'
1,u'apricot juice', u'apricot', u'juice'
1,u'green cardamom', u'cardamom'
1,u'pork rump', u'pork', u'rump'
1,u'veal brain', u'veal', u'brain'
1,u'cod liver', u'cod', u'liver'
1,u'lime pickle', u'lime', u'pickle'
1,u'almond paste', u'almond', u'paste'
1,u'caper berry', u'caper', u'berry'
1,u'lamb tripe', u'lamb', u'tripe'
1,u'green peppercorn', u'peppercorn'
1,u'beef brisket', u'beef', u'brisket'
1,u'butterscotch schnapps', u'butterscotch', u'schnapps'
1,u'almond liqueur', u'almond', u'liqueur'
1,u'truffle flour', u'truffle', u'flour'
1,u'strawberry liqueur', u'strawberry', u'liqueur'
1,u'walnut vinegar', u'walnut', u'vinegar'
1,u'pork dripping', u'pork'
1,u'pork chop', u'pork'
1,u'clover honey', u'clover', u'honey'
1,u'fish roe', u'fish', u'roe'
1,u'radish sprout', u'radish', u'sprout'
1,u'turkey liver', u'turkey', u'liver'
1,u'shrimp stock', u'shrimp'
1,u'gingerbread spice', u'gingerbread', u'spice'
1,u'coconut juice', u'coconut', u'juice'
1,u'cocktail pumpernickel', u'cocktail', u'pumpernickel'
1,u'pastry flour', u'pastry', u'flour'
1,u'fig vinegar', u'fig', u'vinegar'
1,u'shortbread biscuit', u'shortbread', u'biscuit'
1,u'lamb offal', u'lamb', u'offal'
1,u'vermicelli pasta', u'vermicelli', u'pasta'
1,u'blueberry jam', u'blueberry'
1,u'brie cheese', u'brie', u'cheese'
1,u'lamb leg', u'lamb', u'leg'
1,u'truffle paste', u'truffle', u'paste'
1,u'mutton loin', u'mutton', u'loin'
1,u'edam cheese', u'edam', u'cheese'
1,u'bean flour', u'bean', u'flour'
1,u'mushroom stock', u'mushroom'
1,u'blade mace', u'blade', u'mace'
1,u'tamarind juice', u'tamarind', u'juice'
1,u'cake flour', u'cake', u'flour'
1,u'fish liver', u'fish', u'liver'
1,u'green lentil', u'lentil'
1,u'lemon vodka', u'lemon', u'vodka'
1,u'olive paste', u'olive', u'paste'
1,u'sweet soy', u'sweet', u'soy'
1,u'veal leg', u'veal', u'leg'
1,u'bacon hock', u'bacon', u'hock'
1,u'beef brain', u'beef', u'brain'
1,u'egg mayonnaise', u'egg', u'mayonnaise'
1,u'wheat pastry', u'wheat', u'pastry'
1,u'beef porterhouse', u'beef', u'porterhouse'
1,u'veal heart', u'veal'
1,u'sweet chocolate', u'sweet', u'chocolate'
1,u'millet flour', u'millet', u'flour'
1,u'pastry pie', u'pastry', u'pie'
1,u'tangerine ice', u'tangerine'
1,u'chicken heart', u'chicken'
1,u'rabbit loin', u'rabbit', u'loin'
1,u'gorgonzola cheese', u'gorgonzola', u'cheese'
1,u'ziti pasta', u'ziti', u'pasta'
1,u'cherry juice', u'cherry', u'juice'
1,u'juice concentrate', u'juice'
1,u'chicken sausage', u'chicken', u'sausage'
1,u'duck sausage', u'duck', u'sausage'
1,u'pear cider', u'pear', u'cider'
1,u'quail egg', u'quail', u'egg'
1,u'salad potato', u'salad', u'potato'
1,u'apricot liqueur', u'apricot', u'liqueur'
1,u'veal mince', u'veal', u'mince'
1,u'apple banana', u'apple', u'banana'
1,u'ham stock', u'ham'
1,u'grain barley', u'grain', u'barley'
1,u'poultry stock', u'poultry'
1,u'morello cherry', u'morello', u'cherry'
1,u'pasta flour', u'pasta', u'flour'
1,u'truffle juice', u'truffle', u'juice'
1,u'onion sprout', u'onion', u'sprout'
1,u'grenadine syrup', u'grenadine', u'syrup'
1,u'peach jam', u'peach'
1,u'cucumber pickle', u'cucumber', u'pickle'
1,u'turkey heart', u'turkey'
1,u'lobster stock', u'lobster'
1,u'salad onion', u'salad', u'onion'
1,u'butter lettuce', u'butter', u'lettuce'
1,u'chile paste', u'chile', u'paste'
1,u'almond butter', u'almond', u'butter'
1,u'beef dripping', u'beef'
1,u'oyster sauce', u'oyster', u'sauce'
1,u'chablis wine', u'chablis', u'wine'
1,u'meat broth', u'meat', u'broth'
1,u'green cabbage', u'cabbage'
1,u'goose heart', u'goose'
1,u'pear vodka', u'pear', u'vodka'
1,u'walnut liqueur', u'walnut', u'liqueur'
1,u'emmenthal cheese', u'emmenthal', u'cheese'
1,u'raspberry liqueur', u'raspberry', u'liqueur'
1,u'lobster mushroom', u'lobster', u'mushroom'
1,u'lobster coral', u'lobster', u'coral'
1,u'macaroni pasta', u'macaroni', u'pasta'
1,u'tart apple', u'tart', u'apple'
1,u'onion jam', u'onion'
1,u'truffle honey', u'truffle', u'honey'
1,u'chicken dripping', u'chicken'
1,u'puff pastry', u'pastry'
1,u'muscadine grape', u'muscadine', u'grape'
1,u'beef shoulder', u'beef', u'shoulder'
1,u'sweet rice', u'sweet', u'rice'
1,u'ham shoulder', u'ham', u'shoulder'
1,u'water cracker', u'cracker'
1,u'couverture chocolate', u'couverture', u'chocolate'
1,u'pepper cress', u'pepper', u'cress'
1,u'salt mackerel', u'salt', u'mackerel'
1,u'napa cabbage', u'napa', u'cabbage'
1,u'violet syrup', u'violet', u'syrup'
1,u'basil oil', u'basil', u'oil'
1,u'currant raisin', u'currant', u'raisin'
1,u'lobster roe', u'lobster', u'roe'
1,u'beef sirloin', u'beef', u'sirloin'
1,u'squab liver', u'squab', u'liver'
1,u'chickpea flour', u'chickpea', u'flour'
1,u'pumpkin squash', u'pumpkin', u'squash'
1,u'wafer cooky', u'wafer', u'cooky'
1,u'lemon jell-o', u'lemon', u'jell-o'
1,u'corn semolina', u'corn', u'semolina'
1,u'venison stock', u'venison'
1,u'pork sirloin', u'pork', u'sirloin'
1,u'ginger biscuit', u'ginger', u'biscuit'
1,u'sweet chilli', u'sweet', u'chilli'
1,u'lamb heart', u'lamb'
1,u'chestnut liqueur', u'chestnut', u'liqueur'
1,u'herb sausage', u'herb', u'sausage'
1,u'kaffir lime', u'kaffir', u'lime'
1,u'sushi rice', u'sushi', u'rice'
1,u'chile sauce', u'chile', u'sauce'
1,u'radish green', u'radish'
1,u'sarsaparilla soda', u'sarsaparilla', u'soda'
1,u'liqueur muscat', u'liqueur', u'muscat'
1,u'beef liver', u'beef', u'liver'
1,u'tempura flour', u'tempura', u'flour'
1,u'wine vinaigrette', u'wine', u'vinaigrette'
1,u'spice mix', u'spice', u'mix'
1,u'souchong tea', u'souchong', u'tea'
1,u'bean noodle', u'bean', u'noodle'
1,u'anise oil', u'anise', u'oil'
1,u'venison loin', u'venison', u'loin'
1,u'oil concentrate', u'oil'
1,u'peach juice', u'peach', u'juice'
1,u'bratwurst sausage', u'bratwurst', u'sausage'
1,u'chianti wine', u'chianti', u'wine'
1,u'lamb hindquarter', u'lamb', u'hindquarter'
1,u'saltine cracker', u'saltine', u'cracker'
1,u'bean paste', u'bean', u'paste'
1,u'semolina flour', u'semolina', u'flour'
1,u'truffle butter', u'truffle', u'butter'
1,u'rhubarb juice', u'rhubarb', u'juice'
1,u'sole roe', u'sole', u'roe'
1,u'brioche roll', u'brioche'
1,u'spinach pasta', u'spinach', u'pasta'
1,u'monkfish fillet', u'monkfish', u'fillet'
1,u'beef demiglace', u'beef', u'demiglace'
1,u'carp roe', u'carp', u'roe'
1,u'chilli oil', u'chilli', u'oil'
1,u'soup pasta', u'soup', u'pasta'
1,u'bosc pear', u'bosc', u'pear'
1,u'citrus vodka', u'citrus', u'vodka'
1,u'venison tongue', u'venison'
1,u'stick noodle', u'noodle'
1,u'lettuce heart', u'lettuce'
1,u'zinfandel wine', u'zinfandel', u'wine'
1,u'chicory coffee', u'chicory', u'coffee'
1,u'knockwurst sausage', u'knockwurst', u'sausage'
1,u'coffee candy', u'coffee', u'candy'
1,u'sour pickle', u'pickle'
1,u'farfalle pasta', u'farfalle', u'pasta'
1,u'mushroom ketchup', u'mushroom', u'ketchup'
1,u'pork crackling', u'pork'
1,u'mushroom soy', u'mushroom', u'soy'
1,u'lamb mince', u'lamb', u'mince'
1,u'rice noodle', u'rice', u'noodle'
1,u'frankfurter beef', u'frankfurter', u'beef'
1,u'parsley juice', u'parsley', u'juice'
1,u'chardonnay wine', u'chardonnay', u'wine'
1,u'cherry syrup', u'cherry', u'syrup'
1,u'cheese pumpkin', u'cheese', u'pumpkin'
1,u'pomegranate juice', u'pomegranate', u'juice'
1,u'coconut toffee', u'coconut', u'toffee'
1,u'pork hock', u'pork', u'hock'
1,u'rabbit leg', u'rabbit', u'leg'
1,u'plum wine', u'plum', u'wine'
1,u'garlic mayonnaise', u'garlic', u'mayonnaise'
1,u'caper vinegar', u'caper', u'vinegar'
1,u'green pumpkin', u'pumpkin'
1,u'rioja wine', u'rioja', u'wine'
1,u'matzo cracker', u'matzo', u'cracker'
1,u'allspice berry', u'allspice', u'berry'
1,u'banana pepper', u'banana', u'pepper'
1,u'sweet wine', u'sweet', u'wine'
1,u'blackberry ice', u'blackberry'
1,u'paella rice', u'paella', u'rice'
1,u'barley flour', u'barley', u'flour'
1,u'split pea', u'pea'
1,u'sherry vinegar', u'sherry', u'vinegar'
1,u'chilli sauce', u'chilli', u'sauce'
1,u'rice flour', u'rice', u'flour'
1,u'blanc wine', u'blanc', u'wine'
1,u'chile pepper', u'chile', u'pepper'
1,u'bearnaise sauce', u'bearnaise', u'sauce'
1,u'simple syrup', u'simple', u'syrup'
1,u'orange cauliflower', u'orange', u'cauliflower'
1,u'rib chop', u'rib'
1,u'praline paste', u'praline', u'paste'
1,u'goose dripping', u'goose'
1,u'pastry cream', u'pastry', u'cream'
1,u'burger bun', u'burger', u'bun'
1,u'wheat grain', u'wheat', u'grain'
1,u'almond syrup', u'almond', u'syrup'
1,u'gem lettuce', u'gem', u'lettuce'
1,u'pilsner beer', u'pilsner', u'beer'
1,u'shrimp paste', u'shrimp', u'paste'
1,u'olive tapenade', u'olive', u'tapenade'
1,u'fennel oil', u'fennel', u'oil'
1,u'rye flour', u'rye', u'flour'
1,u'hare leg', u'hare', u'leg'
1,u'green strawberry', u'strawberry'
1,u'pie spice', u'pie', u'spice'
1,u'strawberry juice', u'strawberry', u'juice'
1,u'chicken tenderloin', u'chicken', u'tenderloin'
1,u'veal loin', u'veal', u'loin'
1,u'medium apple', u'apple'
1,u'soybean sprout', u'soybean', u'sprout'
1,u'apricot brandy', u'apricot', u'brandy'
1,u'mouton mushroom', u'mouton', u'mushroom'
1,u'wheat cereal', u'wheat', u'cereal'
1,u'tarragon vinegar', u'tarragon', u'vinegar'
1,u'green garlic', u'garlic'
1,u'montrachet cheese', u'montrachet', u'cheese'
1,u'mustard vinaigrette', u'mustard', u'vinaigrette'
1,u'whisky bitter', u'whisky'
1,u'soy oil', u'soy', u'oil'
1,u'rice vermicelli', u'rice', u'vermicelli'
1,u'chipolata sausage', u'chipolata', u'sausage'
1,u'blanc sausage', u'blanc', u'sausage'
1,u'hare saddle', u'hare'
1,u'anise liqueur', u'anise', u'liqueur'
1,u'veal gravy', u'veal', u'gravy'
1,u'saveloy sausage', u'saveloy', u'sausage'
1,u'ice wine', u'wine'
1,u'claret wine', u'claret', u'wine'
1,u'pineapple syrup', u'pineapple', u'syrup'
1,u'dog bun', u'bun'
1,u'cockle clam', u'cockle', u'clam'
1,u'turkey stock', u'turkey'
1,u'mignonette pepper', u'mignonette', u'pepper'
1,u'almond praline', u'almond', u'praline'
1,u'anchovy oil', u'anchovy', u'oil'
1,u'meat stock', u'meat'
1,u'dandelion heart', u'dandelion'
1,u'salmon stock', u'salmon'
1,u'raspberry vinegar', u'raspberry', u'vinegar'
1,u'pineapple ice', u'pineapple'
1,u'daikon radish', u'daikon', u'radish'
1,u'truffle oil', u'truffle', u'oil'
1,u'roquefort cheese', u'roquefort', u'cheese'
1,u'goose leg', u'goose', u'leg'
1,u'sultana grape', u'sultana', u'grape'
1,u'pea sprout', u'pea', u'sprout'
1,u'cherry liqueur', u'cherry', u'liqueur'
1,u'mulberry syrup', u'mulberry', u'syrup'
1,u'poultry liver', u'poultry', u'liver'
1,u'malmsey wine', u'malmsey', u'wine'
1,u'jack mushroom', u'jack', u'mushroom'
1,u'breakfast sausage', u'breakfast', u'sausage'
1,u'lamb rump', u'lamb', u'rump'
1,u'lamb stock', u'lamb'
1,u'chile vinegar', u'chile', u'vinegar'
1,u'herb oil', u'herb', u'oil'
1,u'almond meal', u'almond', u'meal'
1,u'chocolate sprinkle', u'chocolate'
1,u'mustard cress', u'mustard', u'cress']
2,u'beef_roast', u'roast_beef'
2,u'rye', u'rye_whiskey'
2,u'chile', u'chilli'
2,u'french_dressing', u'vinaigrette'
2,u'sprout', u'stock'
2,u'cheddar', u'cheddar_cheese'
2,u'jerusalem_artichokes', u'sunchoke'
2,u'ocean_perch', u'redfish'
2,u'chickpea', u'garbanzo'
2,u'artichoke', u'globe_artichoke'
2,u'gray_sole', u'grey_sole'
2,u'chicken', u'poulet'
2,u'brittle', u'toffee'
2,u'anise_seed', u'aniseed'
2,u'ascorbic_acid', u'vitamin_c'
2,u'pimiento', u'sweet_pepper'
2,u'cilantro', u'coriander'
2,u'cut', u'prune'
2,u'ham', u'jambon'
2,u'oyster_plant', u'salsify'
2,u'cayenne', u'cayenne_pepper'
2,u'oxalis', u'sorrel'
2,u'dressing', u'stuffing'
2,u'snap', u'snap_bean'
2,u'carambola', u'star_fruit'
2,u'aubergine', u'eggplant'
2,u'endive', u'escarole'
2,u'finnan_haddie', u'smoked_haddock'
2,u'dessert', u'sweet'
2,u'bream', u'sea_bream'
2,u'flavoring', u'flavouring'
2,u'coriander', u'coriander_seed'
2,u'bean_curd', u'tofu'
2,u'coconut_milk', u'coconut_water'
2,u'chicken_broth', u'chicken_stock'
2,u'cumin', u'cumin_seed'
2,u'litchi', u'lychee'
2,u'dark_bread', u'whole_wheat_bread'
2,u'soya', u'soya_bean'
2,u'courgette', u'zucchini'
2,u'gammon', u'ham'
2,u'egg_white', u'white'
2,u'beef_broth', u'beef_stock'
2,u'vanilla', u'vanilla_extract'
2,u'bleu', u'blue_cheese'
2,u'tea', u'tea_leaf'
2,u'hare', u'rabbit'
2,u'prawn', u'shrimp'
2,u'malt_whiskey', u'scotch'
2,u'escargot', u'snail'
2,u'frankfurter', u'hot_dog'
2,u'pepper_sauce', u'poivrade'
2,u'papaya', u'pawpaw'
2,u'gouda', u'gouda_cheese'
2,u'port', u'port_wine'
2,u'egg_roll', u'spring_roll'
2,u'coconut_cream', u'coconut_milk'
2,u'cayenne_pepper', u'red_pepper'
2,u'calamari', u'squid'
2,u'maraschino', u'maraschino_cherries'
2,u'burgundy', u'burgundy_wine'
2,u'black_pudding', u'blood_sausage'
2,u'rock_lobster', u'spiny_lobster'
2,u'bird', u'fowl'
2,u'american_cheese', u'cheddar'
2,u'food_coloring', u'food_colouring'
2,u'pepper', u'peppercorn'
2,u'self-raising_flour', u'self-rising_flour'
2,u'wheat', u'wheat_berry'
2,u'bass', u'sea_bass'
2,u'filbert', u'hazelnut'
2,u'rock', u'rock_candy'
2,u'soya_bean', u'soybean'
2,u'mangel-wurzel', u'mangold'
2,u'haricot_vert', u'haricots_verts'
2,u'seville_oranges', u'sour_orange'
2,u'salmon_trout', u'sea_trout'
2,u'grey_mullet', u'mullet'
2,u'greengage', u'greengage_plum'
2,u'lollipop', u'popsicle'
2,u'rutabaga', u'swede'
2,u'brown_bread', u'dark_bread'
2,u'muscat', u'muscat_grape'
2,u'black_bean', u'turtle_bean'
2,u'biscuit', u'cooky'
2,u'oatmeal', u'rolled_oats'
2,u'pistachio', u'pistachio_nut'
2,u'cob', u'filbert'
2,u'lasagna', u'lasagne'
2,u'bell_pepper', u'paprika'
2,u'soda', u'soda_water'
2,u'golden_syrup', u'treacle'
2,u'marjoram', u'oregano'
2,u'canola', u'canola_oil'
2,u'heart', u'spirit'
2,u'navy_bean', u'white_bean'
2,u'green_onion', u'scallion'
2,u'rockfish', u'striped_bass'
2,u'pop', u'soda'
2,u'arugula', u'rocket'
2,u'celeriac', u'celery_root'
2,u'soy', u'soy_sauce'
2,u'worcester_sauce', u'worcestershire_sauce'
2,u'marrow', u'vegetable_marrow'
2,u'french_endive', u'witloof'
2,u'beef', u'boeuf'
2,u'flavouring', u'seasoning'
2,u'sour_cream', u'soured_cream'
2,u'anise', u'anise_seed'
2,u'licorice', u'liquorice'
2,u'fish fillet', u'fillet'
2,u'bitter_orange', u'seville_oranges'
2,u'scallion', u'spring_onion'
2,u'cos_lettuce', u'romaine'
2,u'beet', u'beetroot'
2,u'belgian_endive', u'french_endive'
2,u'periwinkle', u'winkle'
2,u'yoghurt', u'yogurt'
2,u'milk_powder', u'powdered_milk'
2,u'chip', u'potato_chip'
2,u'caster_sugar', u'castor_sugar'
2,u'wax_bean', u'yellow_bean'
2,u'sorrel', u'wood_sorrel'
2,u'crab', u'crabmeat'
2,u'catsup', u'tomato_ketchup'
2,u'filet', u'fillet'
2,u'light_cream', u'single_cream'
2,u'bulghur', u'bulgur'
2,u'chocolate', u'cocoa'
2,u'cereal', u'grain'
2,u'butter_bean', u'lima_bean'
2,u'broad_bean', u'fava_bean'
2,u'hard-boiled_egg', u'hard-cooked_egg'
2,u'lemon_grass', u'lemongrass'
2,u'pollack', u'pollock'
2,u'mouton', u'mutton'
2,u'cracker', u'snapper'
2,u'paprika', u'pimento'
2,u'brown_trout', u'salmon_trout'
2,u'whiskey', u'whisky'
2,u'club_soda', u'seltzer'
2,u'candied_fruit', u'crystallized_fruit'
2,u'cake', u'patty'
2,u'turnip', u'white_turnip'
2,u'groundnut_oil', u'peanut_oil'
2,u'dill', u'dill_weed'
2,u'irish', u'irish_whiskey'
2,u'shin', u'shin_bone'
2,u'soda_water', u'sparkling_water'
2,u'broth', u'stock'
2,u'snap_pea', u'sugar_snap_pea'
2,u'seltzer', u'soda_water'
2,u'apple_sauce', u'applesauce'
2,u'french_beans', u'haricot_vert'
2,u'black-eyed_pea', u'cowpea'
2,u'new_york_strip', u'strip_steak'
2,u'strawberry_jam', u'strawberry_preserves'
2,u'clove', u'stick'
2,u'pie_crust', u'pie_shell'
2,u'cashew', u'cashew_nut'
2,u'hot_dog', u'wiener'
2,u'cottage_cheese', u"farmer's_cheese"
2,u'chicory', u'curly_endive'
2,u'flageolet', u'haricot'
2,u'leek', u'scallion'
2,u'scotch_whiskey', u'scotch_whisky'
2,u'fenugreek', u'fenugreek_seed'
2,u'oil', u'vegetable_oil'
2,u'dried_milk', u'milk_powder'
2,u'mustard', u'mustard_greens'
2,u'cardamom', u'cardamon'
2,u'gelatin', u'jelly'
2,u'pimento', u'pimiento'
2,u'romaine', u'romaine_lettuce'
2,u'cabbage', 'chou'
2,u'chard', u'swiss_chard'
2,u'black_bread', u'pumpernickel'
2,u'matzo_meal', u'matzoh_meal'
2,u'key_lime', u'key_limes'
2,u'crawfish', u'crayfish'
2,u'bordeaux', u'bordeaux_wine'
2,u'crayfish', u'rock_lobster'
2,u'scotch', u'scotch_whiskey'
2,u'pork_roast', u'roast_pork']
3,''
3, u'adobo sauce'
3, u'allspice berry'
3, u'almond butter'
3, u'almond flour'
3, u'almond liqueur'
3, u'almond meal'
3, u'almond milk'
3, u'almond paste'
3, u'almond praline'
3, u'almond syrup'
3, u'almond toffee'
3, u'amaranth flour'
3, u'american_cheese'
3, u'amontillado sherry'
3, u'anchovy oil'
3, u'angelica rum'
3, u'anise'
3, u'anise liqueur'
3, u'anise oil'
3, u'anise_seed'
3, u'anjou pear'
3, u'apple banana'
3, u'apple brandy'
3, u'apple cider'
3, u'apple puree'
3, u'apple sherry'
3, u'apple_sauce'
3, u'apricot brandy'
3, u'apricot ice'
3, u'apricot jam'
3, u'apricot juice'
3, u'apricot liqueur'
3, u'apricot nectar'
3, u'artichoke'
3, u'artichoke'
3, u'arugula'
3, u'ascorbic_acid'
3, u'aubergine'
3, u'aubergine'
3, u'bacon dripping'
3, u'bacon hock'
3, u'bagel chip'
3, u'banana ice'
3, u'banana pepper'
3, u'banana squash'
3, u'barley flour'
3, u'basil oil'
3, u'bass'
3, u'batter mix'
3, u'bean flour'
3, u'bean noodle'
3, u'bean paste'
3, u'bean_curd'
3, u'bearnaise sauce'
3, u'beaujolais wine'
3, u'beef'
3, u'beef brain'
3, u'beef brisket'
3, u'beef demiglace'
3, u'beef dripping'
3, u'beef heart'
3, u'beef liver'
3, u'beef marrow'
3, u'beef mince'
3, u'beef porterhouse'
3, u'beef rib'
3, u'beef rump'
3, u'beef sausage'
3, u'beef shoulder'
3, u'beef sirloin'
3, u'beef sparerib'
3, u'beef tomato'
3, u'beef tournedos'
3, u'beef_broth'
3, u'beef_roast'
3, u'beet'
3, u'beet juice'
3, u'belgian_endive'
3, u'bell_pepper'
3, u'berry jam'
3, u'bird'
3, u'biscuit'
3, u'bitter green'
3, u'bitter_orange'
3, u'bitter_orange'
3, u'black-eyed_pea'
3, u'black-eyed_pea'
3, u'black-eyed_pea'
3, u'black_bean'
3, u'black_bread'
3, u'black_pudding'
3, u'blackberry ice'
3, u'blackberry jam'
3, u'blackberry juice'
3, u'blackberry liqueur'
3, u'blade mace'
3, u'blanc sausage'
3, u'blanc wine'
3, u'bleu'
3, u'blueberry jam'
3, u'bordeaux'
3, u'bosc pear'
3, u'bratwurst sausage'
3, u'bread flour'
3, u'breakfast radish'
3, u'breakfast sausage'
3, u'bream'
3, u'bream'
3, u'brie cheese'
3, u'brioche roll'
3, u'brittle'
3, u'broad_bean'
3, u'broad_bean'
3, u'broth'
3, u'brown_bread'
3, u'brown_trout'
3, u'buckwheat flour'
3, u'buffalo mozzarella'
3, u'bulghur'
3, u'burger bun'
3, u'burgundy'
3, u'butter lettuce'
3, u'butter_bean'
3, u'butternut pumpkin'
3, u'butterscotch schnapps'
3, u'cabbage'
3, u'cake'
3, u'cake flour'
3, u'calamari'
3, u'camembert cheese'
3, u'candied_fruit'
3, u'canola'
3, u'caper berry'
3, u'caper vinegar'
3, u'carambola'
3, u'cardamom'
3, u'cardamom'
3, u'carp roe'
3, u'cashew'
3, u'caster_sugar'
3, u'catsup'
3, u'cayenne'
3, u'cayenne'
3, u'cayenne'
3, u'cayenne_pepper'
3, u'celeriac'
3, u'celeriac'
3, u'celery heart'
3, u'celery juice'
3, u'cereal'
3, u'chablis wine'
3, u'champagne grape'
3, u'champagne vinegar'
3, u'champagne wine'
3, u'chard'
3, u'chard'
3, u'chardonnay vinegar'
3, u'chardonnay wine'
3, u'cheddar'
3, u'cheese pumpkin'
3, u'cheese ravioli'
3, u'cheese wedge'
3, u'cherry brandy'
3, u'cherry jam'
3, u'cherry juice'
3, u'cherry liqueur'
3, u'cherry nectar'
3, u'cherry syrup'
3, u'cherry vinegar'
3, u'chervil sprout'
3, u'chestnut flour'
3, u'chestnut honey'
3, u'chestnut liqueur'
3, u'chestnut mushroom'
3, u'chestnut paste'
3, u'chianti wine'
3, u'chicken'
3, u'chicken dripping'
3, u'chicken heart'
3, u'chicken sausage'
3, u'chicken tenderloin'
3, u'chicken_broth'
3, u'chickpea'
3, u'chickpea'
3, u'chickpea flour'
3, u'chicory'
3, u'chicory coffee'
3, u'chile'
3, u'chile oil'
3, u'chile paste'
3, u'chile pepper'
3, u'chile sauce'
3, u'chile vinegar'
3, u'chili oil'
3, u'chilli oil'
3, u'chilli sauce'
3, u'chip'
3, u'chipolata sausage'
3, u'chipotle chilli'
3, u'chocolate'
3, u'chocolate chip'
3, u'chocolate liqueur'
3, u'chocolate sprinkle'
3, u'chocolate wafer'
3, u'chorizo sausage'
3, u'chou pastry'
3, u'cilantro'
3, u'cilantro'
3, u'citrus liqueur'
3, u'citrus vodka'
3, u'clam juice'
3, u'claret wine'
3, u'clove'
3, u'clover honey'
3, u'club_soda'
3, u'cob'
3, u'cockle clam'
3, u'cocktail onion'
3, u'cocktail pumpernickel'
3, u'cocktail sausage'
3, u'coconut chip'
3, u'coconut juice'
3, u'coconut toffee'
3, u'coconut_cream'
3, u'coconut_milk'
3, u'cod liver'
3, u'cod roe'
3, u'coffee candy'
3, u'coffee ice'
3, u'coffee tequila'
3, u'coriander'
3, u'coriander soup'
3, u'corn flour'
3, u'corn semolina'
3, u'corn tortilla'
3, u'cos_lettuce'
3, u'cottage_cheese'
3, u'courgette'
3, u'courgette'
3, u'couverture chocolate'
3, u'crab'
3, u'cracker'
3, u'crawfish'
3, u'crawfish'
3, u'crawfish'
3, u'crayfish'
3, u'crayfish'
3, u'crayfish bisque'
3, u'cream liqueur'
3, u'crepe mushroom'
3, u'cucumber pickle'
3, u'cumin'
3, u'currant jam'
3, u'currant juice'
3, u'currant raisin'
3, u'curry paste'
3, u'custard marrow'
3, u'cut'
3, u'daikon radish'
3, u'dandelion heart'
3, u'danish bread'
3, u'dark_bread'
3, u'dessert'
3, u'dill'
3, u'dog bun'
3, u'dressing'
3, u'dried_milk'
3, u'duck dripping'
3, u'duck egg'
3, u'duck heart'
3, u'duck leg'
3, u'duck liver'
3, u'duck sausage'
3, u'duck stock'
3, u'edam cheese'
3, u'egg mayonnaise'
3, u'egg_roll'
3, u'egg_white'
3, u'emmental cheese'
3, u'emmenthal cheese'
3, u'endive'
3, u'escargot'
3, u'espagnole sauce'
3, u'farfalle pasta'
3, u'fennel oil'
3, u'fennel sprout'
3, u'fenugreek'
3, u'fettuccine pasta'
3, u'fig brandy'
3, u'fig jam'
3, u'fig vinegar'
3, u'fig vodka'
3, u'filbert'
3, u'filet'
3, u'filet'
3, u'filet'
3, u'filet'
3, u'filet beef'
3, u'finnan_haddie'
3, u'fish broth'
3, u'fish fillet'
3, u'fish liver'
3, u'fish roe'
3, u'fish sauce'
3, u'fish soup'
3, u'fish stock'
3, u'flageolet'
3, u'flavoring'
3, u'flavouring'
3, u'flour tortilla'
3, u'food_coloring'
3, u'frankfurter'
3, u'frankfurter beef'
3, u'frankfurter sausage'
3, u'french_beans'
3, u'french_dressing'
3, u'french_endive'
3, u'game hen'
3, u'game stock'
3, u'gammon'
3, u'garlic chile'
3, u'garlic mayonnaise'
3, u'garlic oil'
3, u'garlic sausage'
3, u'gelatin'
3, u'gem lettuce'
3, u'ginger biscuit'
3, u'ginger syrup'
3, u'gingerbread spice'
3, u'gingersnap cooky'
3, u'golden_syrup'
3, u'goose dripping'
3, u'goose heart'
3, u'goose leg'
3, u'gooseberry jam'
3, u'gorgonzola cheese'
3, u'gouda'
3, u'grain barley'
3, u'grain rice'
3, u'grape tomato'
3, u'gravy beef'
3, u'gray_sole'
3, u'green almond'
3, u'green apple'
3, u'green cabbage'
3, u'green cardamom'
3, u'green chartreuse'
3, u'green chile'
3, u'green chilli'
3, u'green crab'
3, u'green garlic'
3, u'green grape'
3, u'green herb'
3, u'green lentil'
3, u'green mango'
3, u'green mussel'
3, u'green orach'
3, u'green papaya'
3, u'green peppercorn'
3, u'green prawn'
3, u'green pumpkin'
3, u'green radish'
3, u'green shallot'
3, u'green strawberry'
3, u'green tabasco'
3, u'green tomato'
3, u'green vegetable'
3, u'green walnut'
3, u'green wheat'
3, u'green_onion'
3, u'greengage'
3, u'grenadine syrup'
3, u'grey_mullet'
3, u'grey_mullet'
3, u'groundnut_oil'
3, u'guava paste'
3, u'ham'
3, u'ham leg'
3, u'ham shoulder'
3, u'ham stock'
3, u'hamburger patty'
3, u'hard-boiled_egg'
3, u'hare'
3, u'hare leg'
3, u'hare saddle'
3, u'haricot blanc'
3, u'haricot_vert'
3, u'hazelnut butter'
3, u'hazelnut flour'
3, u'hazelnut meal'
3, u'hazelnut oil'
3, u'hazelnut paste'
3, u'hazelnut praline'
3, u'heart'
3, u'herb oil'
3, u'herb sausage'
3, u'herb vinegar'
3, u'hollandaise sauce'
3, u'horseradish cream'
3, u'horseradish relish'
3, u'hot_dog'
3, u'hyson tea'
3, u'ice wine'
3, u'irish'
3, u'irish cream'
3, u'irish oat'
3, u'jack cheese'
3, u'jack mushroom'
3, u'jerusalem_artichokes'
3, u'juice cocktail'
3, u'juice concentrate'
3, u'kaffir lime'
3, u'key_lime'
3, u'kingfish fillet'
3, u'knackwurst sausage'
3, u'knockwurst sausage'
3, u'kosher gelatin'
3, u'kosher salt'
3, u'lamb brain'
3, u'lamb dripping'
3, u'lamb heart'
3, u'lamb hindquarter'
3, u'lamb leg'
3, u'lamb liver'
3, u'lamb loin'
3, u'lamb mince'
3, u'lamb offal'
3, u'lamb rib'
3, u'lamb rump'
3, u'lamb saddle'
3, u'lamb shoulder'
3, u'lamb sirloin'
3, u'lamb stock'
3, u'lamb tenderloin'
3, u'lamb tongue'
3, u'lamb tripe'
3, u'lasagna'
3, u'lasagna'
3, u'lasagna pasta'
3, u'lasagne pasta'
3, u'leek'
3, u'leek green'
3, u'lemon cucumber'
3, u'lemon ice'
3, u'lemon jell-o'
3, u'lemon syrup'
3, u'lemon vinaigrette'
3, u'lemon vodka'
3, u'lemon_grass'
3, u'lemon_grass'
3, u'lettuce heart'
3, u'licorice'
3, u'licorice'
3, u'light_cream'
3, u'lime oil'
3, u'lime pickle'
3, u'linguine pasta'
3, u'liqueur muscat'
3, u'litchi'
3, u'lobster bisque'
3, u'lobster coral'
3, u'lobster mushroom'
3, u'lobster roe'
3, u'lobster stock'
3, u'lobster tomalley'
3, u'loin chop'
3, u'lollipop'
3, u'macaroni pasta'
3, u'madeira pork'
3, u'madeira wine'
3, u'maize meal'
3, u'malmsey wine'
3, u'malt syrup'
3, u'malt vinegar'
3, u'malt_whiskey'
3, u'mangel-wurzel'
3, u'maraschino'
3, u'marjoram'
3, u'marjoram'
3, u'marrow'
3, u'marrow'
3, u'marsala wine'
3, u'matzo cracker'
3, u'matzo_meal'
3, u'meat broth'
3, u'meat dripping'
3, u'meat gravy'
3, u'meat stock'
3, u'medium apple'
3, u'medium grain'
3, u'merlot wine'
3, u'mignonette pepper'
3, u'milk couverture'
3, u'milk_powder'
3, u'millet flour'
3, u'mint oil'
3, u'mint syrup'
3, u'molasses sugar'
3, u'monkfish fillet'
3, u'monkfish liver'
3, u'montrachet cheese'
3, u'morello cherry'
3, u'moselle wine'
3, u'mouton'
3, u'mouton mushroom'
3, u'muenster cheese'
3, u'mulberry syrup'
3, u'mullet roe'
3, u'muscadet wine'
3, u'muscadine grape'
3, u'muscadine juice'
3, u'muscat'
3, u'mushroom ketchup'
3, u'mushroom liquor'
3, u'mushroom soy'
3, u'mushroom stock'
3, u'mushroom truffle'
3, u'mustard'
3, u'mustard cress'
3, u'mustard vinaigrette'
3, u'mutton dripping'
3, u'mutton leg'
3, u'mutton loin'
3, u'mutton saddle'
3, u'mutton shoulder'
3, u'mutton tongue'
3, u'napa cabbage'
3, u'navy_bean'
3, u'new_york_strip'
3, u'nutmeg oil'
3, u'oatmeal'
3, u'ocean_perch'
3, u'oil'
3, u'oil concentrate'
3, u'oktoberfest spice'
3, u'olive paste'
3, u'olive tapenade'
3, u'onion jam'
3, u'onion juice'
3, u'onion sprout'
3, u'orange bitter'
3, u'orange brandy'
3, u'orange cauliflower'
3, u'orange pepper'
3, u'orange syrup'
3, u'orzo pasta'
3, u'oxalis'
3, u'oyster liquor'
3, u'oyster sauce'
3, u'oyster_plant'
3, u'oyster_plant'
3, u'paddy herb'
3, u'paella rice'
3, u'papaya'
3, u'paprika'
3, u'parmesan cheese'
3, u'parsley juice'
3, u'partridge liver'
3, u'pasta flour'
3, u'pastry cream'
3, u'pastry flour'
3, u'pastry pie'
3, u'pastry tart'
3, u'pea sprout'
3, u'peach brandy'
3, u'peach jam'
3, u'peach juice'
3, u'peach liqueur'
3, u'peach schnapps'
3, u'pear brandy'
3, u'pear cider'
3, u'pear juice'
3, u'pear liqueur'
3, u'pear nectar'
3, u'pear vinegar'
3, u'pear vodka'
3, u'pecan ice'
3, u'pecan oil'
3, u'pekoe tea'
3, u'penne pasta'
3, u'pepper'
3, u'pepper cress'
3, u'pepper_sauce'
3, u'peppermint schnapps'
3, u'periwinkle'
3, u'periwinkle'
3, u'pheasant liver'
3, u'phyllo pastry'
3, u'pie spice'
3, u'pie_crust'
3, u'pilsner beer'
3, u'pimento'
3, u'pimento'
3, u'pimiento'
3, u'pineapple ice'
3, u'pineapple quince'
3, u'pineapple syrup'
3, u'pistachio'
3, u'pistachio flour'
3, u'pistachio ice'
3, u'pistachio oil'
3, u'pistachio paste'
3, u'plum brandy'
3, u'plum jam'
3, u'plum liqueur'
3, u'plum wine'
3, u'pollack'
3, u'pollack'
3, u'pomegranate juice'
3, u'pomegranate molasses'
3, u'pop'
3, u'pop rocks'
3, u'pork chine'
3, u'pork chop'
3, u'pork crackling'
3, u'pork dripping'
3, u'pork hock'
3, u'pork leg'
3, u'pork liver'
3, u'pork mince'
3, u'pork rib'
3, u'pork rump'
3, u'pork shoulder'
3, u'pork sirloin'
3, u'pork sparerib'
3, u'pork stock'
3, u'pork_roast'
3, u'port'
3, u'poultry liver'
3, u'poultry stock'
3, u'praline paste'
3, u'prawn'
3, u'prune juice'
3, u'prune plum'
3, u'puff pastry'
3, u'pumpernickel flour'
3, u'pumpkin puree'
3, u'pumpkin squash'
3, u'quahog clam'
3, u'quail egg'
3, u'quince paste'
3, u'rabbit leg'
3, u'rabbit liver'
3, u'rabbit loin'
3, u'rabbit saddle'
3, u'rabbit shoulder'
3, u'rabbit stock'
3, u'radish cress'
3, u'radish green'
3, u'radish sprout'
3, u'raspberry brandy'
3, u'raspberry ice'
3, u'raspberry jam'
3, u'raspberry juice'
3, u'raspberry liqueur'
3, u'raspberry sauce'
3, u'raspberry vinaigrette'
3, u'raspberry vinegar'
3, u'rhubarb juice'
3, u'rib chop'
3, u'rice cereal'
3, u'rice flour'
3, u'rice noodle'
3, u'rice vermicelli'
3, u'rice vinegar'
3, u'rice wine'
3, u'rigatoni pasta'
3, u'rioja wine'
3, u'roast chicken'
3, u'roast coffee'
3, u'rock'
3, u'rock shrimp'
3, u'rock sugar'
3, u'rock_lobster'
3, u'rock_lobster'
3, u'rockfish'
3, u'romaine'
3, u'roquefort cheese'
3, u'rosemary oil'
3, u'round beef'
3, u'round courgette'
3, u'round lettuce'
3, u'rutabaga'
3, u'rutabaga'
3, u'rye'
3, u'rye flour'
3, u'rye meal'
3, u'sage sausage'
3, u'salad mix'
3, u'salad onion'
3, u'salad potato'
3, u'salmon caviar'
3, u'salmon roe'
3, u'salmon stock'
3, u'salmon_trout'
3, u'salt mackerel'
3, u'saltine cracker'
3, u'sandwich roll'
3, u'sarsaparilla soda'
3, u'sauce mix'
3, u'sauternes wine'
3, u'saveloy sausage'
3, u'scallion'
3, u'scallop roe'
3, u'scotch'
3, u'scotch_whiskey'
3, u'seafood stock'
3, u'self-raising_flour'
3, u'seltzer'
3, u'seltzer water'
3, u'semolina flour'
3, u'sesame paste'
3, u'seville_oranges'
3, u'seville_oranges'
3, u'shellfish stock'
3, u'sherry vinegar'
3, u'shin'
3, u'shortbread biscuit'
3, u'shoulder chop'
3, u'shrimp paste'
3, u'shrimp stock'
3, u'simple syrup'
3, u'snap'
3, u'snap_pea'
3, u'soda'
3, u'soda_water'
3, u'sole roe'
3, u'sorrel'
3, u'sorrel cress'
3, u'souchong tea'
3, u'soup mix'
3, u'soup pasta'
3, u'sour gherkin'
3, u'sour pickle'
3, u'sour_cream'
3, u'soy'
3, u'soy cream'
3, u'soy milk'
3, u'soy oil'
3, u'soya'
3, u'soya'
3, u'soya sauce'
3, u'soya_bean'
3, u'soya_bean'
3, u'soya_bean'
3, u'soybean sprout'
3, u'spaghetti pasta'
3, u'spaghettini pasta'
3, u'spearmint tea'
3, u'spice mix'
3, u'spinach juice'
3, u'spinach pasta'
3, u'split green'
3, u'split pea'
3, u'sprout'
3, u'squab liver'
3, u'stick noodle'
3, u'stilton cheese'
3, u'strawberry juice'
3, u'strawberry liqueur'
3, u'strawberry_jam'
3, u'strudel pastry'
3, u'sultana grape'
3, u'sushi rice'
3, u'sweet chilli'
3, u'sweet chocolate'
3, u'sweet onion'
3, u'sweet paprika'
3, u'sweet rice'
3, u'sweet soy'
3, u'sweet wine'
3, u'swordfish steak'
3, u'tagliatelle pasta'
3, u'tamarind concentrate'
3, u'tamarind juice'
3, u'tamarind paste'
3, u'tangerine ice'
3, u'tangerine juice'
3, u'tarragon vinegar'
3, u'tart apple'
3, u'tart cherry'
3, u'tea'
3, u'tempura batter'
3, u'tempura flour'
3, u'thyme honey'
3, u'truffle butter'
3, u'truffle flour'
3, u'truffle honey'
3, u'truffle juice'
3, u'truffle oil'
3, u'truffle paste'
3, u'tuna loin'
3, u'turkey heart'
3, u'turkey liver'
3, u'turkey stock'
3, u'turnip'
3, u'vanilla'
3, u'vanilla sugar'
3, u'vanilla syrup'
3, u'vanilla tea'
3, u'vanilla wafer'
3, u'veal brain'
3, u'veal brisket'
3, u'veal broth'
3, u'veal chop'
3, u'veal demiglace'
3, u'veal forequarter'
3, u'veal gravy'
3, u'veal heart'
3, u'veal leg'
3, u'veal liver'
3, u'veal loin'
3, u'veal marrow'
3, u'veal mince'
3, u'veal rib'
3, u'veal rump'
3, u'veal saddle'
3, u'veal scallop'
3, u'veal shoulder'
3, u'veal stock'
3, u'veal tenderloin'
3, u'veal tongue'
3, u'vegetable bouillon'
3, u'vegetable broth'
3, u'vegetable juice'
3, u'vegetable stock'
3, u'venison chop'
3, u'venison leg'
3, u'venison loin'
3, u'venison offal'
3, u'venison saddle'
3, u'venison shoulder'
3, u'venison sparerib'
3, u'venison stock'
3, u'venison tongue'
3, u'vermicelli noodle'
3, u'vermicelli pasta'
3, u'violet syrup'
3, u'wafer cooky'
3, u'walnut liqueur'
3, u'walnut vinaigrette'
3, u'walnut vinegar'
3, u'walnut wine'
3, u'wasabi paste'
3, u'water cracker'
3, u'watermelon radish'
3, u'wax_bean'
3, u'wheat'
3, u'wheat cereal'
3, u'wheat couscous'
3, u'wheat cracker'
3, u'wheat danish'
3, u'wheat grain'
3, u'wheat linguine'
3, u'wheat pastry'
3, u'whiskey'
3, u'whisky bitter'
3, u'wiener sausage'
3, u'wine grape'
3, u'wine vinaigrette'
3, u'worcester_sauce'
3, u'yoghurt'
3, u'zinfandel wine'
3, u'ziti pasta'

