mushroom soy,mushroom,soy,
orzo pasta,orzo,pasta,
coffee ice,coffee,
pomegranate vodka,pomegranate,vodka,
merlot wine,merlot,wine,
rock sugar,sugar,
jack cheese,cheese,
ziti pasta,ziti,pasta,
beet juice,beet,juice,
kaffir lime,kaffir,lime,
pickle paste,pickle,paste,
pickle oil,pickle,oil,
chile sauce,chile,sauce,
radish green,radish,
duck stock,duck,
lamb brain,lamb,brain,
duck leg,duck,leg,
raspberry jam,raspberry,
vermicelli noodle,vermicelli,noodle,
spice mix,spice,mix,
sesame paste,sesame,paste,
pork shoulder,pork,shoulder,
wasabi paste,wasabi,paste,
ginger paste,ginger,paste,
champagne wine,champagne,wine,
ginger chili,ginger,chili,
dinner roll,dinner,
green ginger,ginger,
peach juice,peach,juice,
fish tamarind,fish,tamarind,
veal liver,veal,liver,
brioche roll,brioche,
lime vodka,lime,vodka,
water spinach,spinach,
spaghetti pasta,spaghetti,pasta,
green plantain,plantain,
fig jam,fig,
saltine cracker,saltine,cracker,
sweet flour,sweet,flour,
rabbit liver,rabbit,liver,
wheat chapati,wheat,chapati,
garlic paste,garlic,paste,
onion chutney,onion,chutney,
wheat meal,wheat,meal,
celery cress,celery,cress,
semolina flour,semolina,flour,
marinara sauce,marinara,sauce,
grain pasta,grain,pasta,
beaujolais wine,beaujolais,wine,
chocolate chip,chocolate,
puff pastry,pastry,
split pea,pea,
pecan rice,pecan,rice,
curry paste,curry,paste,
chorizo sausage,chorizo,sausage,
flour tortilla,flour,tortilla,
tangerine juice,tangerine,juice,
chilli salsa,chilli,salsa,
buffalo mozzarella,buffalo,mozzarella,
flour noodle,flour,noodle,
lamb liver,lamb,liver,
duck egg,duck,egg,
corn cereal,corn,cereal,
chile oil,chile,oil,
sweet sherry,sweet,sherry,
chilli oil,chilli,oil,
beef tomato,beef,tomato,
apricot jam,apricot,
lamb tenderloin,lamb,tenderloin,
bosc pear,bosc,pear,
apricot juice,apricot,juice,
onion juice,onion,juice,
stick noodle,noodle,
ginger syrup,ginger,syrup,
fennel salami,fennel,salami,
green grape,grape,
green cardamom,cardamom,
apple cider,apple,cider,
lamb loin,lamb,loin,
wasabi pea,wasabi,pea,
farfalle pasta,farfalle,pasta,
chestnut mushroom,chestnut,mushroom,
penne pasta,penne,pasta,
sweet paprika,sweet,paprika,
pork rump,pork,rump,
guava nectar,guava,nectar,
lamb mince,lamb,mince,
rice noodle,rice,noodle,
green mung,mung,
almond paste,almond,paste,
chile bean,chile,bean,
caper berry,caper,berry,
green peppercorn,peppercorn,
beef brisket,beef,brisket,
chapati flour,chapati,flour,
chile chutney,chile,chutney,
grain rice,grain,rice,
pork rib,pork,rib,
pomegranate molasses,pomegranate,molasses,
gingersnap cooky,gingersnap,cooky,
fish stock,fish,
pineapple rum,pineapple,rum,
pear tomato,pear,tomato,
pomegranate syrup,pomegranate,syrup,
flour chip,flour,
vegetable salt,vegetable,salt,
fenugreek sprout,fenugreek,sprout,
fish roe,fish,roe,
sour mix,mix,
orange cherry,orange,cherry,
beef rib,beef,rib,
venison saddle,venison,
sugarcane juice,sugarcane,juice,
ginger wine,ginger,wine,
grape tomato,grape,tomato,
tamarind chutney,tamarind,chutney,
maize flour,maize,flour,
rabbit leg,rabbit,leg,
apricot nectar,apricot,nectar,
seltzer water,seltzer,
pastry flour,pastry,flour,
vegetable broth,vegetable,broth,
pepper jack,cheese,
sesame cracker,sesame,cracker,
green tabasco,tabasco,
pork liver,pork,liver,
veal chop,veal,
chilli sauce,chilli,sauce,
vermicelli pasta,vermicelli,pasta,
vegetable ghee,vegetable,ghee,
horseradish cream,horseradish,cream,
rigatoni pasta,rigatoni,pasta,
cream liqueur,cream,liqueur,
lamb leg,lamb,leg,
buckwheat flour,buckwheat,flour,
green breadfruit,breadfruit,
allspice berry,allspice,berry,
banana pepper,banana,pepper,
sweet wine,sweet,wine,
millet flour,millet,flour,
green mango,mango,
blackberry jam,blackberry,
barley flour,barley,flour,
bean flour,bean,flour,
bean sauce,bean,sauce,
banana chilli,banana,chilli,
tea oil,tea,oil,
prune butter,prune,butter,
pork sparerib,pork,sparerib,
blade mace,blade,mace,
lasagne pasta,lasagne,pasta,
tamarind juice,tamarind,juice,
rice flour,rice,flour,
cake flour,cake,flour,
blanc wine,blanc,wine,
vegetable stock,vegetable,
chile pepper,chile,pepper,
sour plum,plum,
sandwich roll,sandwich,
medium grain,grain,
green chile,chile,
chilli paste,chilli,paste,
banana squash,banana,squash,
shoulder chop,shoulder,
green papaya,papaya,
rib chop,rib,
veal loin,veal,loin,
hazelnut oil,hazelnut,oil,
chili paste,chili,paste,
parmesan cheese,parmesan,cheese,
malt vinegar,malt,vinegar,
champagne vinegar,champagne,vinegar,
beef sparerib,beef,sparerib,
amaranth flour,amaranth,flour,
split lentil,lentil,
pork leg,pork,leg,
burger bun,burger,bun,
matzo cake,matzo,cake,
chicken mince,chicken,mince,
roast chicken,roast,chicken,
celery heart,celery,
tapioca flour,tapioca,flour,
papaya concentrate,papaya,
napa cabbage,napa,cabbage,
gem lettuce,gem,lettuce,
cinnamon oil,cinnamon,oil,
raspberry juice,raspberry,juice,
shrimp paste,shrimp,paste,
date sugar,date,sugar,
tamarind paste,tamarind,paste,
chicken heart,chicken,
almond milk,almond,milk,
sorghum flour,sorghum,flour,
green banana,banana,
ragi flour,ragi,flour,
peanut paste,peanut,paste,
lemon pepper,lemon,pepper,
venison leg,venison,leg,
juice concentrate,juice,
tamarind concentrate,tamarind,
loin chop,loin,
cashew butter,cashew,butter,
pie spice,pie,spice,
sushi rice,sushi,rice,
strawberry juice,strawberry,juice,
soy oil,soy,oil,
split chickpea,chickpea,
sour yogurt,yogurt,
avocado oil,avocado,oil,
guava juice,guava,juice,
kingfish fillet,kingfish,fillet,
lamb tongue,lamb,
quail egg,quail,egg,
game hen,hen,
cake meal,cake,meal,
sour apple,apple,
cobbler fish,cobbler,fish,
edam cheese,edam,cheese,
apricot brandy,apricot,brandy,
shellfish stock,shellfish,
grain barley,grain,barley,
wheat cereal,wheat,cereal,
tarragon vinegar,tarragon,vinegar,
green garlic,garlic,
pekoe tea,pekoe,tea,
galangal paste,galangal,paste,
meat stock,meat,
wheat grain,wheat,grain,
vanilla wafer,vanilla,wafer,
rice cereal,rice,cereal,
green tomato,tomato,
green shallot,shallot,
rice vermicelli,rice,vermicelli,
chipolata sausage,chipolata,sausage,
mint chutney,mint,chutney,
grenadine syrup,grenadine,syrup,
corn tortilla,corn,tortilla,
beef marrow,beef,marrow,
swordfish fillet,swordfish,fillet,
peanut flour,peanut,flour,
rabbit heart,rabbit,
kosher salt,kosher,salt,
green lentil,lentil,
bean paste,bean,paste,
madeira wine,madeira,wine,
sesame butter,sesame,butter,
wheat pastry,wheat,pastry,
medium chilli,chilli,
chickpea flour,chickpea,flour,
toddy vinegar,toddy,vinegar,
fish sauce,fish,sauce,
pumpkin squash,pumpkin,squash,
vanilla paste,vanilla,paste,
salad onion,salad,onion,
veal stock,veal,
green prawn,prawn,
muffin mix,muffin,mix,
almond butter,almond,butter,
chile paste,chile,paste,
mustard paste,mustard,paste,
soybean vermicelli,soybean,vermicelli,
oyster sauce,oyster,sauce,
cilantro sprout,cilantro,sprout,
coconut vodka,coconut,vodka,
green cabbage,cabbage,
chapatti flour,chapatti,flour,
herb vinegar,herb,vinegar,
cilantro chutney,cilantro,chutney,
rice vinegar,rice,vinegar,
samosa pastry,samosa,pastry,
coconut vinegar,coconut,vinegar,
bread flour,bread,flour,
soya sauce,soya,sauce,
lamb rib,lamb,rib,
teriyaki sauce,teriyaki,sauce,
macaroni pasta,macaroni,pasta,
tart apple,tart,apple,
sherry vinegar,sherry,vinegar,
rice wine,rice,wine,
tamarind sauce,tamarind,sauce,
pear juice,pear,juice,
daikon radish,daikon,radish,
wheat tortilla,wheat,tortilla,
kingfish steak,kingfish,steak,
violet syrup,violet,syrup,
beef shoulder,beef,shoulder,
swordfish steak,swordfish,steak,
lamb shoulder,lamb,shoulder,
chardonnay wine,chardonnay,wine,
coriander cress,coriander,cress,
peach nectar,peach,nectar,
amontillado sherry,amontillado,sherry,
veal shoulder,veal,shoulder,
green chilli,chilli,
orange bitter,orange,
beef rump,beef,rump,
pork mince,pork,mince,
amaranth green,amaranth,
phyllo pastry,phyllo,pastry,
simple syrup,simple,syrup,
lamb stock,lamb,
beef sirloin,beef,sirloin,
pizza sauce,pizza,sauce,
citrus vinegar,citrus,vinegar,
pork chop,pork,
corn flour,corn,flour,
monkfish fillet,monkfish,fillet,
ginger juice,ginger,juice,
pomegranate juice,pomegranate,juice,
green guava,guava,
cherry concentrate,cherry,
lychee juice,lychee,juice,
banana liqueur,banana,liqueur,
cod roe,cod,roe,
sweet chilli,sweet,chilli,
