tomato,pasta
tomato,chorizo,sausage
tomato,onion,turkey
tomato,onion,heavy_cream,flour,corn,cinnamon,lime,butter,egg
tomato,onion,heavy_cream,flour,corn,cinnamon,lime,butter,chicken_stock
tomato,onion,heavy_cream,flour,corn,cinnamon,lime,tortilla,coriander_seed,egg
tomato,onion,heavy_cream,flour,corn,cinnamon,lime,tortilla,coriander_seed,chicken_stock
tomato,onion,sausage,potato
tomato,onion,safflower_oil,corn,tortilla
tomato,onion,apple,raisin,cinnamon
tomato,onion,romaine_lettuce,corn,tortilla,avocado,coriander_seed,lime
tomato,onion,radish,corn,lettuce,tortilla,avocado,coriander_seed,lime
tomato,onion,fish,coriander_seed,lime
tomato,onion,red_wine
tomato,onion,pea,chicken_stock,carrot,potato
tomato,onion,lettuce,corn,avocado,chicken,tortilla,coriander_seed,oregano,lime
tomato,onion,tomato_paste
tomato,onion,pinto_bean,bacon
tomato,onion,garlic,caper,thyme,bay_leaf,peppercorn,green_olive,raisin,parsley,oregano
tomato,onion,garlic,butter,flour,corn,lime,cinnamon,orange,egg
tomato,onion,garlic,butter,flour,corn,lime,cinnamon,chicken_stock
tomato,onion,garlic,ground_beef,cumin_seed,oregano
tomato,onion,garlic,green_bean,corn,carrot,potato
tomato,onion,garlic,peanut
tomato,onion,garlic,coriander_seed,olive_oil,bay_leaf,red_pepper,cumin_seed,lime
tomato,onion,garlic,coriander_seed,bacon,cumin_seed
tomato,onion,garlic,coriander_seed,corn,peanut_oil,oregano
tomato,onion,garlic,coriander_seed,corn,cheese,tortilla,lime
tomato,onion,garlic,coriander_seed,corn,mushroom,thyme
tomato,onion,garlic,coriander_seed,corn,almond,cinnamon,oregano,tortilla,pork,thyme,bay_leaf,raisin,peppercorn,chicken,chicken_stock,parsley
tomato,onion,garlic,coriander_seed,corn,almond,cinnamon,oregano,tortilla,pork,thyme,bay_leaf,raisin,peppercorn,chicken,chicken_stock,lard
tomato,onion,garlic,coriander_seed,corn,almond,cinnamon,oregano,tortilla,egg,lard
tomato,onion,garlic,coriander_seed,corn,cumin_seed,turtle_bean,lime,tortilla,bay_leaf,avocado,lard
tomato,onion,garlic,coriander_seed,corn,cumin_seed,oregano,shoulder,peppercorn,pork,bay_leaf
tomato,onion,garlic,coriander_seed,corn,cumin_seed,oregano,green,chicken,parsley,chicken_stock,sweet_pepper
tomato,onion,garlic,coriander_seed,corn,cumin_seed,oregano,green,chicken,parsley,chicken_stock,raisin
tomato,onion,garlic,coriander_seed,corn,cumin_seed,oregano,raisin,pork,thyme,bay_leaf,cinnamon,peppercorn,chicken,tortilla,chicken_stock,parsley
tomato,onion,garlic,coriander_seed,corn,cumin_seed,oregano,raisin,pork,thyme,bay_leaf,cinnamon,peppercorn,chicken,tortilla,chicken_stock,lard
tomato,onion,garlic,coriander_seed,corn,cumin_seed,oregano,lime,flour,orange,chicken,cinnamon
tomato,onion,garlic,coriander_seed,corn,cumin_seed,oregano,lime,flour,orange,chicken,red_pepper
tomato,onion,garlic,coriander_seed,corn,cumin_seed,oregano,lime,flour,orange,egg,cinnamon
tomato,onion,garlic,coriander_seed,corn,cumin_seed,oregano,lime,flour,tortilla,red_pepper,chicken,chicken_stock
tomato,onion,garlic,coriander_seed,corn,cumin_seed,oregano,lime,flour,tortilla,red_pepper,beef
tomato,onion,garlic,coriander_seed,corn,cumin_seed,oregano,lime,flour,tortilla,lard,cinnamon,chicken,chicken_stock
tomato,onion,garlic,coriander_seed,corn,cumin_seed,oregano,lime,flour,tortilla,lard,cinnamon,egg
tomato,onion,garlic,coriander_seed,corn,cumin_seed,oregano,lime,flour,tortilla,lard,beef
tomato,onion,garlic,coriander_seed,corn,cumin_seed,oregano,lime,sweet_pepper,red_pepper,vinegar,red_onion
tomato,onion,garlic,coriander_seed,corn,cumin_seed,oregano,lime,sweet_pepper,red_pepper,tortilla,red_onion
tomato,onion,garlic,coriander_seed,corn,cumin_seed,oregano,lime,sweet_pepper,red_pepper,tortilla,potato,chicken,spring_onion,parsley,chicken_stock
tomato,onion,garlic,coriander_seed,corn,cumin_seed,oregano,lime,paste
tomato,onion,garlic,coriander_seed,corn,cumin_seed,oregano,lime,bay_leaf,peppercorn,vinegar,red_onion,red_pepper
tomato,onion,garlic,coriander_seed,corn,cumin_seed,oregano,lime,bay_leaf,peppercorn,vinegar,carrot,red_pepper
tomato,onion,garlic,coriander_seed,corn,cumin_seed,oregano,lime,bay_leaf,peppercorn,vinegar,carrot,thyme
tomato,onion,garlic,coriander_seed,corn,cumin_seed,oregano,lime,bay_leaf,peppercorn,red_onion,orange,red_pepper
tomato,onion,garlic,coriander_seed,corn,cumin_seed,oregano,lime,bay_leaf,peppercorn,red_onion,tortilla,avocado
tomato,onion,garlic,coriander_seed,corn,cumin_seed,oregano,lime,bay_leaf,peppercorn,red_onion,tortilla,red_pepper
tomato,onion,garlic,coriander_seed,corn,cumin_seed,oregano,lime,bay_leaf,peppercorn,chicken,tomatillo,tortilla,chicken_stock,pork,cinnamon,potato,parsley
tomato,onion,garlic,coriander_seed,corn,cumin_seed,oregano,lime,bay_leaf,peppercorn,chicken,tomatillo,tortilla,chicken_stock,pork,cinnamon,potato,lard
tomato,onion,garlic,coriander_seed,corn,cumin_seed,oregano,lime,bay_leaf,peppercorn,chicken,tomatillo,tortilla,chicken_stock,avocado,lard
tomato,onion,garlic,coriander_seed,corn,cumin_seed,oregano,lime,bay_leaf,peppercorn,chicken,red_pepper,orange,pork
tomato,onion,garlic,coriander_seed,corn,cumin_seed,oregano,lime,bay_leaf,peppercorn,chicken,red_pepper,potato,parsley,tortilla,chicken_stock,pork
tomato,onion,garlic,coriander_seed,corn,cumin_seed,oregano,lime,bay_leaf,peppercorn,chicken,red_pepper,potato,parsley,tortilla,chicken_stock,carrot,spring_onion
tomato,onion,garlic,coriander_seed,corn,cumin_seed,oregano,lime,bay_leaf,peppercorn,chicken,thyme,orange,pork,allspice,cinnamon
tomato,onion,garlic,coriander_seed,corn,cumin_seed,oregano,lime,bay_leaf,peppercorn,chicken,thyme,cider_vinegar,tortilla,allspice,cinnamon,pork
tomato,onion,garlic,coriander_seed,corn,cumin_seed,oregano,lime,bay_leaf,peppercorn,chicken,thyme,cider_vinegar,tortilla,allspice,cinnamon,carrot
tomato,onion,garlic,coriander_seed,corn,cumin_seed,oregano,lime,bay_leaf,peppercorn,chicken,thyme,chicken_stock,celery,carrot,parsley,spring_onion
tomato,onion,garlic,coriander_seed,corn,cumin_seed,oregano,lime,bay_leaf,peppercorn,chicken,thyme,chicken_stock,tortilla,avocado,spring_onion
tomato,onion,garlic,coriander_seed,corn,cumin_seed,oregano,lime,bay_leaf,peppercorn,chicken,thyme,chicken_stock,tortilla,avocado,lard
tomato,onion,garlic,coriander_seed,corn,cumin_seed,oregano,lime,bay_leaf,peppercorn,chicken,thyme,chicken_stock,tortilla,allspice,cinnamon,pork,lard
tomato,onion,garlic,coriander_seed,corn,cumin_seed,oregano,lime,bay_leaf,peppercorn,chicken,thyme,chicken_stock,tortilla,allspice,cinnamon,carrot
tomato,onion,garlic,coriander_seed,corn,cumin_seed,oregano,lime,bay_leaf,peppercorn,chicken,thyme,chicken_stock,tortilla,potato,parsley,pork,cinnamon
tomato,onion,garlic,coriander_seed,corn,cumin_seed,oregano,lime,bay_leaf,peppercorn,chicken,thyme,chicken_stock,tortilla,potato,parsley,carrot,cinnamon
tomato,onion,garlic,coriander_seed,corn,cumin_seed,oregano,lime,bay_leaf,peppercorn,chicken,thyme,chicken_stock,tortilla,potato,parsley,carrot,spring_onion
tomato,onion,garlic,coriander_seed,corn,cumin_seed,oregano,lime,bay_leaf,peppercorn,chicken,thyme,chicken_stock,tortilla,potato,lard,pork,cinnamon
tomato,onion,garlic,coriander_seed,corn,cumin_seed,oregano,lime,bay_leaf,peppercorn,beef,tortilla,avocado,lard
tomato,onion,garlic,coriander_seed,corn,cumin_seed,oregano,lime,bay_leaf,peppercorn,beef,tortilla,potato,carrot,red_pepper
tomato,onion,garlic,coriander_seed,corn,cumin_seed,oregano,lime,bay_leaf,peppercorn,beef,tortilla,potato,lard
tomato,onion,garlic,coriander_seed,corn,cumin_seed,oregano,lime,bay_leaf,chipotle,chicken,tortilla,avocado,tomatillo
tomato,onion,garlic,coriander_seed,corn,cumin_seed,oregano,lime,bay_leaf,chipotle,chicken,tortilla,avocado,thyme
tomato,onion,garlic,coriander_seed,corn,cumin_seed,oregano,lime,bay_leaf,rice,red_pepper,carrot,vinegar
tomato,onion,garlic,coriander_seed,corn,cumin_seed,oregano,lime,bay_leaf,rice,red_pepper,carrot,chicken,parsley,chicken_stock
tomato,onion,garlic,coriander_seed,corn,cumin_seed,adobo,tortilla,lime
tomato,onion,garlic,coriander_seed,corn,cumin_seed,shrimp,bay_leaf,peppercorn,lime,avocado
tomato,onion,garlic,coriander_seed,corn,cumin_seed,shrimp,bay_leaf,peppercorn,lime,parsley,red_pepper
tomato,onion,garlic,coriander_seed,corn,vegetable_oil,flour,tortilla
tomato,onion,garlic,coriander_seed,green_pepper,oregano,red_pepper,cumin_seed
tomato,onion,garlic,coriander_seed,grain,rice,cumin_seed,chicken_stock
tomato,onion,garlic,coriander_seed,white,oregano,lime,flour
tomato,onion,garlic,coriander_seed,white,oregano,lime,bay_leaf,parsley
tomato,onion,garlic,coriander_seed,mint,lime
tomato,onion,garlic,coriander_seed,green_olive,raisin,parsley,oregano,chicken,bay_leaf,peppercorn,almond,cinnamon,thyme
tomato,onion,garlic,coriander_seed,green_olive,raisin,parsley,oregano,chicken,green
tomato,onion,garlic,white_wine,white,bay_leaf,parsley,oregano
tomato,onion,garlic,berry,allspice,peppercorn,bay_leaf,cinnamon,cumin_seed,oregano
tomato,onion,garlic,pineapple,cinnamon,lime
tomato,onion,garlic,plantain,almond,raisin,peppercorn,chicken,cinnamon,oregano,lard
tomato,onion,garlic,banana
tomato,onion,garlic,sesame_seed,bay_leaf,corn,cinnamon,oregano,lard,peppercorn,chicken,tortilla,chicken_stock,almond,raisin,thyme
tomato,onion,garlic,sesame_seed,bay_leaf,corn,cinnamon,oregano,lard,peppercorn,chicken,tortilla,chicken_stock,tomatillo
tomato,onion,beef_stock,oregano,beef
tomato,onion,pumpkin_seed,coriander_seed
tomato,onion,sherry,vinegar
tomato,onion,cabbage,carrot,coriander_seed,lime
tomato,onion,cheddar_cheese,flour,corn,oregano,tortilla,coriander_seed,cumin_seed
tomato,onion,sour_cream,chicken_stock,flour,corn,chicken,tortilla,coriander_seed,cumin_seed,lime
tomato,onion,stock
tomato,basil
chilli,coriander_seed,onion
sweet,onion
brisket,beef
egg_yolk,heavy_cream,sugar,milk,cinnamon
chili_con_carne,tequila,orange,lime
chili_con_carne,orange_juice,orange,oregano,lime
chili_con_carne,ginger,cinnamon,coriander_seed,lime
chili_con_carne,honey
chili_con_carne,fillet,lime
chili_con_carne,rib
chili_con_carne,spinach
chili_con_carne,soy_sauce
chili_con_carne,pork_loin
chili_con_carne,buttermilk,heavy_cream,flour,corn
chili_con_carne,beer
chili_con_carne,goat_cheese
chili_con_carne,vegetable,flour
chili_con_carne,black_olive
chili_con_carne,pumpkin
chili_con_carne,shallot,coriander_seed
chili_con_carne,squash
chili_con_carne,basil
chili_con_carne,bean
chili_con_carne,cucumber,coriander_seed,lime
chili_con_carne,cream_cheese,flour
chili_con_carne,salsa,corn,tortilla
chili_con_carne,mayonnaise,coriander_seed,lime
chili_con_carne,onion,apple,raisin,cinnamon
chili_con_carne,onion,romaine_lettuce,corn,tortilla,avocado,coriander_seed,lime
chili_con_carne,onion,radish,corn,lettuce,tortilla,avocado,coriander_seed,lime
chili_con_carne,onion,fish,coriander_seed,lime
chili_con_carne,onion,lettuce,corn,avocado,chicken,tortilla,coriander_seed,oregano,lime
chili_con_carne,onion,milk,butter,heavy_cream,flour,corn,egg,cinnamon,sugar
chili_con_carne,onion,turkey
chili_con_carne,onion,heavy_cream,flour,corn,cinnamon,lime,egg,butter,sugar
chili_con_carne,onion,heavy_cream,flour,corn,cinnamon,lime,egg,tortilla,coriander_seed
chili_con_carne,onion,heavy_cream,flour,corn,cinnamon,lime,chicken_stock,butter
chili_con_carne,onion,heavy_cream,flour,corn,cinnamon,lime,chicken_stock,tortilla,coriander_seed
chili_con_carne,onion,sausage,potato
chili_con_carne,onion,sour_cream,chicken_stock,flour,corn,chicken,tortilla,coriander_seed,cumin_seed,lime
chili_con_carne,onion,pinto_bean,bacon
chili_con_carne,onion,tomato_paste
chili_con_carne,onion,sherry,vinegar
chili_con_carne,onion,pea,chicken_stock,carrot,potato
chili_con_carne,onion,stock
chili_con_carne,onion,red_wine
chili_con_carne,onion,corn_oil,corn
chili_con_carne,onion,garlic,caper,thyme,bay_leaf,peppercorn,green_olive,raisin,parsley,oregano
chili_con_carne,onion,garlic,butter,flour,corn,cinnamon,lime,orange,egg,sugar
chili_con_carne,onion,garlic,butter,flour,corn,cinnamon,lime,chicken_stock
chili_con_carne,onion,garlic,ground_beef,cumin_seed,oregano
chili_con_carne,onion,garlic,tomato_sauce
chili_con_carne,onion,garlic,green_bean,corn,carrot,potato
chili_con_carne,onion,garlic,peanut
chili_con_carne,onion,garlic,coriander_seed,olive_oil,bay_leaf,red_pepper,cumin_seed,lime
chili_con_carne,onion,garlic,coriander_seed,lemon,orange,lime
chili_con_carne,onion,garlic,coriander_seed,bacon,cumin_seed
chili_con_carne,onion,garlic,coriander_seed,corn,peanut_oil,oregano
chili_con_carne,onion,garlic,coriander_seed,corn,cheese,tortilla,lime
chili_con_carne,onion,garlic,coriander_seed,corn,mushroom,thyme
chili_con_carne,onion,garlic,coriander_seed,corn,almond,cinnamon,oregano,tortilla,pork,thyme,bay_leaf,raisin,peppercorn,chicken,chicken_stock,parsley
chili_con_carne,onion,garlic,coriander_seed,corn,almond,cinnamon,oregano,tortilla,pork,thyme,bay_leaf,raisin,peppercorn,chicken,chicken_stock,lard
chili_con_carne,onion,garlic,coriander_seed,corn,almond,cinnamon,oregano,tortilla,egg,lard
chili_con_carne,onion,garlic,coriander_seed,corn,cumin_seed,turtle_bean,lime,tortilla,bay_leaf,avocado,lard
chili_con_carne,onion,garlic,coriander_seed,corn,cumin_seed,oregano,shoulder,peppercorn,pork,bay_leaf
chili_con_carne,onion,garlic,coriander_seed,corn,cumin_seed,oregano,green,chicken,parsley,chicken_stock,sweet_pepper
chili_con_carne,onion,garlic,coriander_seed,corn,cumin_seed,oregano,green,chicken,parsley,chicken_stock,raisin
chili_con_carne,onion,garlic,coriander_seed,corn,cumin_seed,oregano,raisin,pork,thyme,bay_leaf,cinnamon,peppercorn,chicken,tortilla,chicken_stock,parsley
chili_con_carne,onion,garlic,coriander_seed,corn,cumin_seed,oregano,raisin,pork,thyme,bay_leaf,cinnamon,peppercorn,chicken,tortilla,chicken_stock,lard
chili_con_carne,onion,garlic,coriander_seed,corn,cumin_seed,oregano,lime,flour,orange,chicken,cinnamon
chili_con_carne,onion,garlic,coriander_seed,corn,cumin_seed,oregano,lime,flour,orange,chicken,red_pepper
chili_con_carne,onion,garlic,coriander_seed,corn,cumin_seed,oregano,lime,flour,orange,egg,cinnamon
chili_con_carne,onion,garlic,coriander_seed,corn,cumin_seed,oregano,lime,flour,tortilla,red_pepper,chicken,chicken_stock
chili_con_carne,onion,garlic,coriander_seed,corn,cumin_seed,oregano,lime,flour,tortilla,red_pepper,beef
chili_con_carne,onion,garlic,coriander_seed,corn,cumin_seed,oregano,lime,flour,tortilla,lard,cinnamon,chicken,chicken_stock
chili_con_carne,onion,garlic,coriander_seed,corn,cumin_seed,oregano,lime,flour,tortilla,lard,cinnamon,egg
chili_con_carne,onion,garlic,coriander_seed,corn,cumin_seed,oregano,lime,flour,tortilla,lard,beef
chili_con_carne,onion,garlic,coriander_seed,corn,cumin_seed,oregano,lime,sweet_pepper,red_pepper,vinegar,red_onion
chili_con_carne,onion,garlic,coriander_seed,corn,cumin_seed,oregano,lime,sweet_pepper,red_pepper,tortilla,red_onion
chili_con_carne,onion,garlic,coriander_seed,corn,cumin_seed,oregano,lime,sweet_pepper,red_pepper,tortilla,potato,chicken,spring_onion,parsley,chicken_stock
chili_con_carne,onion,garlic,coriander_seed,corn,cumin_seed,oregano,lime,paste
chili_con_carne,onion,garlic,coriander_seed,corn,cumin_seed,oregano,lime,bay_leaf,peppercorn,vinegar,red_onion,red_pepper
chili_con_carne,onion,garlic,coriander_seed,corn,cumin_seed,oregano,lime,bay_leaf,peppercorn,vinegar,carrot,red_pepper
chili_con_carne,onion,garlic,coriander_seed,corn,cumin_seed,oregano,lime,bay_leaf,peppercorn,vinegar,carrot,thyme
chili_con_carne,onion,garlic,coriander_seed,corn,cumin_seed,oregano,lime,bay_leaf,peppercorn,red_onion,orange,red_pepper
chili_con_carne,onion,garlic,coriander_seed,corn,cumin_seed,oregano,lime,bay_leaf,peppercorn,red_onion,tortilla,avocado
chili_con_carne,onion,garlic,coriander_seed,corn,cumin_seed,oregano,lime,bay_leaf,peppercorn,red_onion,tortilla,red_pepper
chili_con_carne,onion,garlic,coriander_seed,corn,cumin_seed,oregano,lime,bay_leaf,peppercorn,chicken,tomatillo,tortilla,chicken_stock,pork,cinnamon,potato,parsley
chili_con_carne,onion,garlic,coriander_seed,corn,cumin_seed,oregano,lime,bay_leaf,peppercorn,chicken,tomatillo,tortilla,chicken_stock,pork,cinnamon,potato,lard
chili_con_carne,onion,garlic,coriander_seed,corn,cumin_seed,oregano,lime,bay_leaf,peppercorn,chicken,tomatillo,tortilla,chicken_stock,avocado,lard
chili_con_carne,onion,garlic,coriander_seed,corn,cumin_seed,oregano,lime,bay_leaf,peppercorn,chicken,red_pepper,orange,pork
chili_con_carne,onion,garlic,coriander_seed,corn,cumin_seed,oregano,lime,bay_leaf,peppercorn,chicken,red_pepper,potato,parsley,tortilla,chicken_stock,pork
chili_con_carne,onion,garlic,coriander_seed,corn,cumin_seed,oregano,lime,bay_leaf,peppercorn,chicken,red_pepper,potato,parsley,tortilla,chicken_stock,carrot,spring_onion
chili_con_carne,onion,garlic,coriander_seed,corn,cumin_seed,oregano,lime,bay_leaf,peppercorn,chicken,thyme,orange,pork,allspice,cinnamon
chili_con_carne,onion,garlic,coriander_seed,corn,cumin_seed,oregano,lime,bay_leaf,peppercorn,chicken,thyme,cider_vinegar,tortilla,allspice,cinnamon,pork
chili_con_carne,onion,garlic,coriander_seed,corn,cumin_seed,oregano,lime,bay_leaf,peppercorn,chicken,thyme,cider_vinegar,tortilla,allspice,cinnamon,carrot
chili_con_carne,onion,garlic,coriander_seed,corn,cumin_seed,oregano,lime,bay_leaf,peppercorn,chicken,thyme,chicken_stock,celery,carrot,parsley,spring_onion
chili_con_carne,onion,garlic,coriander_seed,corn,cumin_seed,oregano,lime,bay_leaf,peppercorn,chicken,thyme,chicken_stock,tortilla,avocado,spring_onion
chili_con_carne,onion,garlic,coriander_seed,corn,cumin_seed,oregano,lime,bay_leaf,peppercorn,chicken,thyme,chicken_stock,tortilla,avocado,lard
chili_con_carne,onion,garlic,coriander_seed,corn,cumin_seed,oregano,lime,bay_leaf,peppercorn,chicken,thyme,chicken_stock,tortilla,allspice,cinnamon,pork,lard
chili_con_carne,onion,garlic,coriander_seed,corn,cumin_seed,oregano,lime,bay_leaf,peppercorn,chicken,thyme,chicken_stock,tortilla,allspice,cinnamon,carrot
chili_con_carne,onion,garlic,coriander_seed,corn,cumin_seed,oregano,lime,bay_leaf,peppercorn,chicken,thyme,chicken_stock,tortilla,potato,parsley,pork,cinnamon
chili_con_carne,onion,garlic,coriander_seed,corn,cumin_seed,oregano,lime,bay_leaf,peppercorn,chicken,thyme,chicken_stock,tortilla,potato,parsley,carrot,cinnamon
chili_con_carne,onion,garlic,coriander_seed,corn,cumin_seed,oregano,lime,bay_leaf,peppercorn,chicken,thyme,chicken_stock,tortilla,potato,parsley,carrot,spring_onion
chili_con_carne,onion,garlic,coriander_seed,corn,cumin_seed,oregano,lime,bay_leaf,peppercorn,chicken,thyme,chicken_stock,tortilla,potato,lard,pork,cinnamon
chili_con_carne,onion,garlic,coriander_seed,corn,cumin_seed,oregano,lime,bay_leaf,peppercorn,beef,tortilla,avocado,lard
chili_con_carne,onion,garlic,coriander_seed,corn,cumin_seed,oregano,lime,bay_leaf,peppercorn,beef,tortilla,potato,carrot,red_pepper
chili_con_carne,onion,garlic,coriander_seed,corn,cumin_seed,oregano,lime,bay_leaf,peppercorn,beef,tortilla,potato,lard
chili_con_carne,onion,garlic,coriander_seed,corn,cumin_seed,oregano,lime,bay_leaf,chipotle,chicken,tortilla,avocado,tomatillo
chili_con_carne,onion,garlic,coriander_seed,corn,cumin_seed,oregano,lime,bay_leaf,chipotle,chicken,tortilla,avocado,thyme
chili_con_carne,onion,garlic,coriander_seed,corn,cumin_seed,oregano,lime,bay_leaf,rice,red_pepper,carrot,vinegar
chili_con_carne,onion,garlic,coriander_seed,corn,cumin_seed,oregano,lime,bay_leaf,rice,red_pepper,carrot,chicken,parsley,chicken_stock
chili_con_carne,onion,garlic,coriander_seed,corn,cumin_seed,adobo,tortilla,lime
chili_con_carne,onion,garlic,coriander_seed,corn,cumin_seed,shrimp,bay_leaf,peppercorn,lime,avocado
chili_con_carne,onion,garlic,coriander_seed,corn,cumin_seed,shrimp,bay_leaf,peppercorn,lime,parsley,red_pepper
chili_con_carne,onion,garlic,coriander_seed,corn,vegetable_oil,flour,tortilla
chili_con_carne,onion,garlic,coriander_seed,green_pepper,oregano,red_pepper,cumin_seed
chili_con_carne,onion,garlic,coriander_seed,grain,rice,cumin_seed,chicken_stock
chili_con_carne,onion,garlic,coriander_seed,white,oregano,lime,flour
chili_con_carne,onion,garlic,coriander_seed,white,oregano,lime,bay_leaf,parsley
chili_con_carne,onion,garlic,coriander_seed,mint,lime
chili_con_carne,onion,garlic,coriander_seed,green_olive,raisin,parsley,oregano,chicken,bay_leaf,peppercorn,almond,cinnamon,thyme
chili_con_carne,onion,garlic,coriander_seed,green_olive,raisin,parsley,oregano,chicken,green
chili_con_carne,onion,garlic,sugar,corn,cinnamon,egg,almond
chili_con_carne,onion,garlic,sugar,corn,cinnamon,raisin,almond
chili_con_carne,onion,garlic,berry,allspice,peppercorn,bay_leaf,cinnamon,cumin_seed,oregano
chili_con_carne,onion,garlic,pineapple,cinnamon,lime
chili_con_carne,onion,garlic,plantain,almond,raisin,peppercorn,chicken,cinnamon,oregano,lard
chili_con_carne,onion,garlic,white_wine,white,bay_leaf,parsley,oregano
chili_con_carne,onion,garlic,banana
chili_con_carne,onion,garlic,sesame_seed,bay_leaf,corn,cinnamon,oregano,lard,peppercorn,chicken,tortilla,chicken_stock,almond,raisin,thyme
chili_con_carne,onion,garlic,sesame_seed,bay_leaf,corn,cinnamon,oregano,lard,peppercorn,chicken,tortilla,chicken_stock,tomatillo
chili_con_carne,onion,pumpkin_seed,coriander_seed
chili_con_carne,onion,cabbage,carrot,coriander_seed,lime
chili_con_carne,onion,safflower_oil,corn,tortilla
chili_con_carne,onion,beef_stock,oregano,beef
chili_con_carne,onion,cheddar_cheese,flour,corn,oregano,tortilla,coriander_seed,cumin_seed
chili_con_carne,crabmeat
chili_con_carne,aniseed,flour,cinnamon
chili_con_carne,mango,lime
chili_con_carne,cornmeal,flour,corn
chili_con_carne,chive
chili_con_carne,chorizo,sausage
flank_steak,beef
sparerib,pork
nutmeg,cinnamon
margarine,butter
pecan,butter,flour,cinnamon,sugar
syrup,lime
patty,flour
