coffee ice,coffee,
tamarind paste,tamarind,paste,
spaghetti pasta,spaghetti,pasta,
coral mushroom,coral,mushroom,
linguine pasta,linguine,pasta,
pork shoulder,pork,shoulder,
bacon dripping,bacon,
champagne wine,champagne,wine,
chocolate wafer,chocolate,wafer,
vegetable broth,vegetable,broth,
coconut ice,coconut,
garlic vinegar,garlic,vinegar,
jack cheese,cheese,
chocolate liqueur,chocolate,liqueur,
curry paste,curry,paste,
tangerine juice,tangerine,juice,
pork rib,pork,rib,
meat gravy,meat,gravy,
buffalo sausage,buffalo,sausage,
clam juice,clam,juice,
green grape,grape,
apple cider,apple,cider,
lamb loin,lamb,loin,
mustard pickle,mustard,pickle,
veal rib,veal,rib,
penne pasta,penne,pasta,
salad mix,salad,mix,
mushroom soup,mushroom,soup,
pork liver,pork,liver,
pomegranate molasses,pomegranate,molasses,
gingersnap cooky,gingersnap,cooky,
fish stock,fish,
wheat penne,wheat,penne,
beef rib,beef,rib,
garlic chile,garlic,chile,
guava paste,guava,paste,
grape tomato,grape,tomato,
brie cheese,brie,cheese,
rigatoni pasta,rigatoni,pasta,
cherry jam,cherry,
green mango,mango,
sugar pumpkin,sugar,pumpkin,
vanilla paste,vanilla,paste,
marsala wine,marsala,wine,
hazelnut oil,hazelnut,oil,
pork leg,pork,leg,
torpedo onion,onion,
merlot wine,merlot,wine,
roast chicken,roast,chicken,
tomatillo sauce,tomatillo,sauce,
whiskey fennel,whiskey,fennel,
anjou pear,anjou,pear,
sweet onion,sweet,onion,
peach bitter,peach,
zinfandel wine,zinfandel,wine,
pepper vodka,pepper,vodka,
guava juice,guava,juice,
pekoe tea,pekoe,tea,
quince paste,quince,paste,
rice cereal,rice,cereal,
sweet sherry,sweet,sherry,
salmon caviar,salmon,caviar,
beef marrow,beef,marrow,
pork broth,pork,broth,
anise water,anise,
kosher salt,kosher,salt,
fish sauce,fish,sauce,
tuna loin,tuna,loin,
pickle juice,pickle,juice,
lamb rib,lamb,rib,
veal stock,veal,
sage sausage,sage,sausage,
tamale flour,tamale,flour,
green chilli,chilli,
orange bitter,orange,
buffalo shoulder,buffalo,shoulder,
rioja wine,rioja,wine,
phyllo pastry,phyllo,pastry,
catfish fillet,catfish,fillet,
walnut meal,walnut,meal,
beef heart,beef,
vanilla sugar,vanilla,sugar,
cod roe,cod,roe,
pecan ice,pecan,
chile honey,chile,honey,
beef sausage,beef,sausage,
mate tea,tea,
sour mix,mix,
duck leg,duck,leg,
raspberry jam,raspberry,
chile puree,chile,puree,
blackberry liqueur,blackberry,liqueur,
pear syrup,pear,syrup,
green squash,squash,
green plantain,plantain,
lobster mushroom,lobster,mushroom,
pretzel cracker,pretzel,cracker,
medium grain,grain,
drink mix,mix,
peach schnapps,peach,schnapps,
corn cereal,corn,cereal,
chile oil,chile,oil,
vanilla wafer,vanilla,wafer,
apricot jam,apricot,
grain rice,grain,rice,
parmesan cheese,parmesan,cheese,
pork tripe,pork,tripe,
vegetable juice,vegetable,juice,
lamb shoulder,lamb,shoulder,
sweet paprika,sweet,paprika,
fettuccine pasta,fettuccine,pasta,
cabbage mix,cabbage,mix,
pear tomato,pear,tomato,
veal tongue,veal,
rhubarb syrup,rhubarb,syrup,
hamburger patty,hamburger,patty,
green papaya,papaya,
vanilla syrup,vanilla,syrup,
blackberry jam,blackberry,
lemon pepper,lemon,pepper,
bean sauce,bean,sauce,
cheese soup,cheese,soup,
pork sparerib,pork,sparerib,
lasagne pasta,lasagne,pasta,
vegetable stock,vegetable,
meat dripping,meat,
amaranth grain,amaranth,grain,
orange pepper,orange,pepper,
pineapple vinegar,pineapple,vinegar,
lemonade concentrate,lemonade,
malt vinegar,malt,vinegar,
champagne vinegar,champagne,vinegar,
amaranth flour,amaranth,flour,
green coconut,coconut,
celery heart,celery,
adobo sauce,adobo,sauce,
cinnamon oil,cinnamon,oil,
fennel sausage,fennel,sausage,
lime oil,lime,oil,
loin chop,loin,
muenster cheese,muenster,cheese,
chorizo sausage,chorizo,sausage,
game hen,hen,
pancake mix,pancake,mix,
beef rump,beef,rump,
cornbread mix,cornbread,mix,
chile dip,chile,
roast turkey,roast,turkey,
seltzer water,seltzer,
manicotti pasta,manicotti,pasta,
green mole,mole,
green cilantro,cilantro,
green lentil,lentil,
pear nectar,pear,nectar,
madeira wine,madeira,wine,
sweet chocolate,sweet,chocolate,
turkey broth,turkey,broth,
velveeta cheese,velveeta,cheese,
rice wafer,rice,wafer,
bread flour,bread,flour,
tabasco chipotle,tabasco,chipotle,
broccoli sprout,broccoli,sprout,
semolina flour,semolina,flour,
cocktail onion,cocktail,onion,
swordfish steak,swordfish,steak,
chardonnay wine,chardonnay,wine,
amontillado sherry,amontillado,sherry,
green mussel,mussel,
currant tomato,currant,tomato,
chipotle chilli,chipotle,chilli,
seafood broth,seafood,broth,
rye flour,rye,flour,
medium apple,apple,
corn flour,corn,flour,
punch drink,punch,
apple brandy,apple,brandy,
orzo pasta,orzo,pasta,
pepper soda,pepper,soda,
duck stock,duck,
pita chip,pita,
vermicelli noodle,vermicelli,noodle,
green curry,curry,
tomatillo salsa,tomatillo,salsa,
chipotle barbecue,chipotle,barbecue,
chipotle corn,chipotle,corn,
roast coffee,roast,coffee,
garlic sausage,garlic,sausage,
chocolate chip,chocolate,
puff pastry,pastry,
beef sparerib,beef,sparerib,
flour tortilla,flour,tortilla,
pumpkin puree,pumpkin,puree,
sandwich roll,sandwich,
fish broth,fish,broth,
clam broth,clam,broth,
green cardamom,cardamom,
radish green,radish,
guava nectar,guava,nectar,
almond paste,almond,paste,
caper berry,caper,berry,
green peppercorn,peppercorn,
beef brisket,beef,brisket,
corn tortilla,corn,tortilla,
pork chop,pork,
dip mix,mix,
radish sprout,radish,sprout,
turkey liver,turkey,liver,
shrimp stock,shrimp,
pastry flour,pastry,flour,
pepper jack,cheese,
vermicelli pasta,vermicelli,pasta,
lamb leg,lamb,leg,
edam cheese,edam,cheese,
cake flour,cake,flour,
cinnamon graham,cinnamon,graham,
lemon vodka,lemon,vodka,
sushi rice,sushi,rice,
sweet soy,sweet,soy,
wheat pastry,wheat,pastry,
beef porterhouse,beef,porterhouse,
pastry pie,pastry,pie,
chicken heart,chicken,
rabbit loin,rabbit,loin,
gorgonzola cheese,gorgonzola,cheese,
ziti pasta,ziti,pasta,
juice concentrate,juice,
quail egg,quail,egg,
poultry stock,poultry,
pork stock,pork,
grenadine syrup,grenadine,syrup,
bean paste,bean,paste,
salt brisket,salt,brisket,
turkey heart,turkey,
lobster stock,lobster,
chile beef,chile,beef,
butter lettuce,butter,lettuce,
almond butter,almond,butter,
oyster sauce,oyster,sauce,
meat broth,meat,broth,
green cabbage,cabbage,
rice vinegar,rice,vinegar,
maize flour,maize,flour,
macaroni pasta,macaroni,pasta,
tart apple,tart,apple,
chocolate mix,chocolate,mix,
beef shoulder,beef,shoulder,
cream sherry,cream,sherry,
napa cabbage,napa,cabbage,
amaranth green,amaranth,
chile jam,chile,
beef sirloin,beef,sirloin,
chickpea flour,chickpea,flour,
pumpkin squash,pumpkin,squash,
lemon jell-o,lemon,jell-o,
enchilada sauce,enchilada,sauce,
butter chip,butter,
kaffir lime,kaffir,lime,
biscuit mix,biscuit,mix,
chile sauce,chile,sauce,
mole sauce,mole,sauce,
seafood stock,seafood,
apricot butter,apricot,butter,
chocolate ice,chocolate,
rice wine,rice,wine,
venison loin,venison,loin,
saltine cracker,saltine,cracker,
rice milk,rice,milk,
onion chutney,onion,chutney,
avocado dip,avocado,
sweet gherkin,sweet,gherkin,
brioche roll,brioche,
teriyaki sauce,teriyaki,sauce,
rock shrimp,shrimp,
carp roe,carp,roe,
paprika oil,paprika,oil,
green tomato,tomato,
beef gravy,beef,gravy,
sour pickle,pickle,
vanilla rice,vanilla,rice,
pork crackling,pork,
rice noodle,rice,noodle,
chile salsa,chile,salsa,
pork hock,pork,hock,
veal shoulder,veal,shoulder,
rabbit leg,rabbit,leg,
garlic mayonnaise,garlic,mayonnaise,
green pumpkin,pumpkin,
sour tuna,tuna,
allspice berry,allspice,berry,
banana pepper,banana,pepper,
barley flour,barley,flour,
split pea,pea,
citrus bitter,citrus,
sherry vinegar,sherry,vinegar,
rice flour,rice,flour,
blanc wine,blanc,wine,
chile pepper,chile,pepper,
green chile,chile,
simple syrup,simple,syrup,
rib chop,rib,
praline paste,praline,paste,
quahog clam,quahog,clam,
almond syrup,almond,syrup,
gem lettuce,gem,lettuce,
pilsner beer,pilsner,beer,
shrimp paste,shrimp,paste,
green banana,banana,
green tamarind,tamarind,
pie spice,pie,spice,
limeade concentrate,limeade,
coconut rum,coconut,rum,
avocado oil,avocado,oil,
emmental cheese,emmental,cheese,
almond flour,almond,flour,
sweet apple,sweet,apple,
wheat cereal,wheat,cereal,
green garlic,garlic,
montrachet cheese,montrachet,cheese,
rice vermicelli,rice,vermicelli,
anise liqueur,anise,liqueur,
stock mix,mix,
dog bun,bun,
turkey stock,turkey,
chipotle pepper,chipotle,pepper,
chile paste,chile,paste,
meat stock,meat,
pineapple nectar,pineapple,nectar,
raspberry vinegar,raspberry,vinegar,
porterhouse pork,porterhouse,pork,
daikon radish,daikon,radish,
truffle oil,truffle,oil,
wheat tortilla,wheat,tortilla,
roquefort cheese,roquefort,cheese,
citrus oil,citrus,oil,
ginger liqueur,ginger,liqueur,
breakfast sausage,breakfast,sausage,
guava jam,guava,
lamb stock,lamb,
ginger juice,ginger,juice,
pomegranate juice,pomegranate,juice,
turkey sausage,turkey,sausage,
mole paste,mole,paste,
