acorn_squash,2
adobo,3
adzuki_bean,13
agar,7
alfalfa,1
allspice,26
almond,130
almond_extract,49
amaranth,6
amaretto,0
american_ginseng,0
anchovy,14
angelica,0
anise,2
aniseed,33
apple,53
apple_jelly,2
apple_juice,3
applejack,1
applesauce,3
apricot,18
armagnac,0
artichoke,21
artichoke_heart,8
asparagus,133
avocado,13
bacon,97
bagel,1
baguette,7
bamboo,198
bamboo_shoot,577
banana,45
barbecue,0
barbecue_sauce,1
barley,10
batter,1
bay_leaf,49
bay_scallop,13
bean,698
bean_sprout,350
beaujolais,0
beef,565
beef_loin,1
beef_stew,2
beef_stock,34
beef_tenderloin,19
beef_tongue,5
beer,26
beetroot,11
belgian_endive,0
berry,16
beverage,2
bibb_lettuce,0
bing_cherries,0
biscuit,2
bitter,24
black_bass,2
black_bean,355
black_mustard,1
black_olive,6
black_tea,31
blackberry,6
bloody_mary,0
blue_cheese,1
blue_crab,15
blueberry,7
bonito,2
boston_lettuce,0
bottled_water,5
bottom_round,1
bouillon,23
bouillon_cube,3
bourbon,2
brain,2
bran,2
brandy,57
bratwurst,1
bread,54
bread_dough,1
breakfast,0
brioche,4
brisket,12
broccoli,114
broccoli_rabe,6
brook_trout,1
brown_rice,12
brown_sauce,3
brown_sugar,65
brussels_sprouts,0
buckwheat,6
bulgur,1
burger,2
butter,106
buttercup_squash,1
butterfish,1
butterhead_lettuce,1
buttermilk,12
butternut_squash,10
cabbage,359
cabernet_sauvignon,0
cake,41
calvados,0
canadian_bacon,0
candied_fruit,4
candy,0
cantaloupe,12
caper,21
caraway_seed,6
cardamom,29
carp,38
carrot,819
carrot_juice,1
cashew_nut,55
caster_sugar,111
catfish,3
cauliflower,47
caviar,7
celery,461
celery_root,7
celery_seed,3
champagne,0
cheddar_cheese,12
cheese,33
cherry,20
cherry pepper,5
cherry tomato,27
cherrystone_clam,3
chervil,6
chestnut,80
chicken,1722
chicken leg,29
chicken_liver,51
chicken_soup,3
chicken_stock,1178
chili_powder,14
chili_sauce,20
chilli,1804
chilli pepper,1
chinese_celery,27
chinese_mustard,0
chipotle,1
chive,144
chocolate_ice_cream,1
chow_mein,7
chuck,7
chutney,13
cider,4
cider_vinegar,101
cinnamon,309
citron,4
citrus,9
clam,55
clementine,1
clover,1
cockle,1
cocktail,2
cocoa,16
cocoa_powder,11
coconut,56
coconut_milk,143
coconut_oil,3
cod,29
coffee,7
cognac,0
collard_greens,1
condensed_milk,21
cooky,2
coriander_seed,999
corn,144
corn_oil,275
corn_syrup,16
corned_beef,3
cornmeal,34
couscous,6
crab_apple,1
crab_legs,1
crabmeat,163
cranberry,19
cranberry_juice,3
crayfish,9
cream,78
cream_cheese,12
cress,2
croaker,1
crookneck_squash,1
crouton,1
crystallized_ginger,20
cucumber,379
cumin_seed,108
cup,0
curd,43
curly_endive,2
currant,3
curry,19
curry_powder,118
curry_sauce,3
cusk,1
custard,3
dandelion,1
dandelion_green,1
danish,0
dark_chocolate,31
date,32
demerara_sugar,5
dessert_wine,1
dill_pickle,4
dill_seed,2
dill_weed,26
donut,1
double_cream,11
drambuie,0
dried_apricot,22
dried_fruit,4
dry_mustard,39
dry_vermouth,5
duck,349
duckling,15
dumpling,20
dungeness_crabs,0
durian,1
edible,2
eel,6
egg,554
egg_noodle,71
egg_yolk,97
eggnog,1
eggplant,98
emperor,1
enchilada,3
escarole,3
espresso,1
evaporated_milk,31
farfalle,1
farmer's_cheese,2
fatback,7
fava_bean,26
fennel,34
fennel_seed,71
fenugreek_seed,5
fettuccine,8
fig,12
fillet,145
filling,7
fish,363
fish_cake,4
fish_steak,6
five_spice_powder,5
flank_steak,127
flatfish,1
flounder,26
flour,790
food_coloring,34
french_bread,0
freshwater_fish,1
frog_legs,4
fruit_cocktail,1
galangal,14
game,3
garbanzo,7
garlic,1020
garlic_chive,31
garlic_salt,6
garlic_sauce,14
gem,10
ghee,13
gherkin,5
gin,50
ginger,4716
ginger_ale,4
ginseng,4
goat_cheese,11
golden_syrup,7
goose,2
goose_liver,1
gorgonzola,0
graham_cracker,2
grain,194
grand_marnier,0
granulated_sugar,20
grape,16
grape_juice,1
grapefruit,15
grapefruit_juice,1
gravy,2
green,63
green crab,1
green_bean,65
green_olive,12
green_pepper,237
green_tea,15
grenadine,2
grog,1
ground_beef,81
grouper,2
guava,1
haddock,5
hake,2
halibut,8
ham,340
ham_hock,4
hamburger,1
hamburger_bun,2
hard-cooked_egg,6
hard-shell_clam,2
haricot_vert,4
hazelnut,15
heavy_cream,108
hen,0
herb,7
herbal,1
herbal_tea,1
herring,1
hock,5
hoisin_sauce,426
hominy_grits,1
honey,341
horseradish,6
horseradish_sauce,1
hot_pepper,29
hot_sauce,8
ice,1
ice_cream,2
iceberg_lettuce,96
ingredient,524
instant_coffee,1
irish,0
italian_bread,0
jackfruit,2
java,1
jelly,43
juice,141
jujube,15
juniper_berry,2
junket,0
kaffir,12
kahlua,0
kale,2
kasha,1
king_crab,1
kirsch,8
kiwi,1
kohlrabi,3
kosher,11
kumquat,11
lamb,131
lamb_chop,12
lard,213
lasagne,1
leaf_lettuce,1
leg,55
leg_of_lamb,15
lemon,258
lemon_balm,1
lemon_extract,3
lemon_sole,4
lemonade,1
lemongrass,156
lentil,8
lettuce,136
lima_bean,17
lime,208
lime_juice,0
linguine,4
liqueur,3
liquor,1
liquorice,15
littleneck_clam,13
liver,28
liver_sausage,2
lobster,54
lobster_tail,16
loin,22
loquat,8
lovage,3
lychee,64
macadamia_nut,8
macaroni,2
mackerel,5
madeira,0
madeira_cake,0
malt,95
malt sugar,7
mandarin_orange,10
mango,75
maple_syrup,13
maraschino_cherries,0
margarine,5
marinade,2
marinara,1
marmalade,3
marsala,0
mascarpone,4
mayonnaise,30
meal,4
meat,32
medium,5
melba_toast,0
melon,51
milk,111
milk_chocolate,4
milk_powder,7
millet,3
mince,13
mincemeat,1
mint,135
miso,5
mix,12
mocha,1
molasses,14
monkfish,5
mozzarella,13
msg,4
muenster,0
mullet,3
mung,1
mung_bean,62
mushroom,902
mushroom_sauce,1
mussel,32
mustard oil,1
mustard_greens,116
mustard_seed,23
napa,152
napoleon,0
navel_orange,15
neck,15
nectar,6
nectarine,5
noodle,487
nutmeg,44
oat,3
ocean_perch,1
octopus,9
okra,3
olive,2
olive_oil,43
onion,476
orange,281
orange_juice,66
orange_liqueur,10
orange_marmalade,3
orange_peel,26
orange_pekoe,2
oregano,63
orzo,4
ouzo,3
oyster,924
oyster mushroom,51
pak_choi,111
pancake,4
papaya,19
parmesan,0
parsley,155
parsnip,11
passion_fruit,1
pasta,68
paste,527
pastry,30
pattypan_squash,1
pea,260
peach,24
peach_ice_cream,1
peanut,229
peanut_butter,60
peanut_oil,2689
pear,35
pearl_barley,8
pecan,17
pekoe,2
penne,8
pepper_sauce,5
peppercorn,549
peppermint,2
perch,5
periwinkle,1
pernod,0
persian_melons,19
persimmon,4
pheasant,1
phyllo,6
pickerel,1
pickle,6
pickle_relish,1
picnic,2
picnic_shoulder,2
pie,3
pie_shell,2
pimiento,214
pine_nut,72
pineapple,134
pineapple_juice,30
pinto_bean,1
pistachio_nut,4
pita,14
plaice,2
plain_flour,22
plantain,1
plum,24
plum_sauce,65
plumcot,1
poi,1
polenta,1
pollock,1
pomegranate,12
pomelo,3
pompano,3
popcorn,1
porgy,1
pork,1544
pork_belly,116
pork_loin,154
pork_sausage,8
pork_tenderloin,49
port_wine,0
pot_roast,6
potato,169
potato_chip,4
powdered_sugar,1
prosciutto,10
prune,2
puff,4
pullet,1
pumpkin,12
pumpkin_seed,2
purple_amaranth,2
purslane,1
quail,32
quince,1
rabbit,9
rack,1
rack_of_lamb,2
radicchio,10
radish,131
rainbow_trout,1
raisin,39
raisin_bread,2
rambutan,2
rape,1
raspberry,33
red_cabbage,13
red_ginger,4
red_onion,149
red_pepper,711
red_snapper,20
red_wine,37
relish,1
rhubarb,6
rib,69
rib_roast,1
rice,2173
ricotta,5
rigatoni,1
roast,3
roast_beef,2
roast_pork,33
rock_candy,43
rocket,19
roe,14
roll,67
rolled_oats,1
romaine_lettuce,32
root_vegetable,1
rose,1
rosemary,45
round,6
round_steak,2
rum,26
rump,25
rump_steak,13
runner_bean,3
rye,4
rye_bread,4
safflower_oil,18
saffron,12
sage,9
sake,33
salad,7
salad_green,8
salad_oil,2
salami,1
salmon,56
salt,145
salt_cod,5
salt_pork,2
saltine,1
sandwich,10
sardine,2
sashimi,2
sauce,1428
sauerkraut,1
sausage,18
savory,3
savoy_cabbage,0
scallop,144
scotch,0
scrod,2
sea_bass,65
sea_bream,5
sea_scallop,52
seafood,7
seasoning,1
self-rising_flour,12
seltzer,2
semolina,10
sesame,608
sesame_oil,3462
sesame_seed,327
shad,1
shallot,429
shank,4
sherry,1342
shin,1
short_ribs,9
shoulder,96
shrimp,1133
shrimp_sauce,3
single_cream,1
sirloin,24
sirloin_steak,14
slug,1
smelt,4
smoked_salmon,6
snack,1
snail,2
snap,5
snapper,17
snow_pea,209
soda_water,6
soft-shell_crab,10
sole,10
sorrel,3
soup,1
sour,3
sour_cherry,4
sour_cream,29
soy_sauce,5543
soya_milk,1
soybean,78
soybean_flour,10
soybean_oil,66
spaghetti,5
spanish_onions,0
sparerib,118
sparkling_wine,1
spice,4
spinach,302
spirit,3
split,2
spring_onion,4100
spring_roll,59
sprout,14
squab,41
squash,17
squid,107
star_anise,524
star_fruit,3
steak,12
steak_sauce,2
steamer_clam,4
stem_ginger,1
stem_lettuce,3
stew_meat,2
stick,96
stilton,0
stock,302
stock_cube,41
stout,1
strawberry,35
string_bean,19
strip_steak,1
striped_bass,5
stuffing,2
suckling_pig,1
sugar,371
sugar_snap_pea,38
sugarcane,9
sultana,4
summer_squash,2
sunflower_oil,1
sunflower_seed,1
sushi,1
sweet,133
sweet_basil,113
sweet_pickle,5
sweet_potato,34
sweetbread,2
swiss_chard,6
swiss_cheese,0
swordfish,15
syrup,25
tabasco_sauce,0
tahini,10
tamarind,11
tangerine,106
tapenade,2
tapioca,51
taro_root,23
tarragon,23
tart,6
tea_bag,2
tea_leaf,38
tempura,1
tenderloin,6
teriyaki,1
thyme,53
toast,1
tofu,606
tomatillo,3
tomato,404
tomato_juice,4
tomato_ketchup,273
tomato_paste,50
tomato_sauce,69
tongue,4
top_round,14
tortilla,11
tortilla_chip,4
tripe,6
trout,15
truffle,3
tuna,11
turkey,33
turmeric,72
vanilla_bean,11
vanilla_extract,10
vanilla_ice_cream,16
veal,9
vegetable,141
vegetable_marrow,3
vegetable_oil,749
venison,3
vermicelli,43
victoria_plums,0
vinegar,1178
virginia_ham,0
vodka,51
wafer,3
walnut,123
walnut_oil,4
wasabi,11
water,480
watercress,57
watermelon,10
wheat_berry,64
wheat_flour,0
wheat_germ,1
whipping_cream,18
whisky,5
white,681
white_bean,7
white_bread,45
white_chocolate,1
white_pepper,815
white_rice,48
white_turnip,46
white_wine,55
whitebait,4
whiting,6
whole_wheat_bread,2
whole_wheat_flour,7
wild_rice,12
wine,812
wine_vinegar,50
wonton,167
worcestershire_sauce,0
yam,13
yellow_bean,94
yellow_squash,4
yogurt,37
ziti,1
zucchini,100
