rigatoni,pasta
wine_vinegar,red_wine
wine_vinegar,white_wine
almond,lemon,flour,egg,sugar,butter
almond,lemon,flour,egg,sugar,orange
castor_sugar,egg,lemon
egg_yolk,flour,milk,sugar,butter,lemon
egg_yolk,flour,milk,sugar,heavy_cream
honey,flour
cherry tomato,basil
semolina,flour
penne,pasta
lamb,rosemary
spinach,ricotta,flour,nutmeg
sweet_pepper,tomato
raisin,flour
raisin,pine_nut
parsley,butter,flour,ricotta,egg,nutmeg
parsley,butter,flour,onion,sage,white
parsley,butter,flour,onion,sage,nutmeg
parsley,butter,flour,onion,lemon,white
parsley,butter,flour,onion,lemon,egg,milk
parsley,butter,flour,onion,nutmeg,egg,milk
parsley,heavy_cream,egg,pasta
parsley,heavy_cream,egg,flour,milk
parsley,clam
parsley,meat,onion,stock
parsley,vinegar
parsley,shallot
parsley,fish
parsley,globe_artichoke,lemon
parsley,pea,pasta,onion
parsley,tomato,red_onion,pasta,peppercorn,garlic,basil,celery,red_pepper
parsley,tomato,red_onion,pasta,peppercorn,garlic,basil,celery,chicken_stock
parsley,tomato,red_onion,pasta,peppercorn,garlic,basil,carrot,red_pepper
parsley,tomato,red_onion,pasta,peppercorn,garlic,basil,carrot,chicken_stock
parsley,tomato,onion,celery,caper,lemon,pasta,peppercorn,basil,red_pepper,oregano
parsley,tomato,onion,celery,olive_oil,lemon,basil,egg,pasta
parsley,tomato,onion,celery,olive_oil,lemon,basil,egg,flour
parsley,tomato,onion,celery,olive_oil,lemon,basil,white_wine,garlic,pasta,peppercorn,red_pepper
parsley,tomato,onion,celery,olive_oil,lemon,basil,white_wine,garlic,pasta,chilli
parsley,tomato,onion,celery,olive_oil,lemon,basil,white_wine,garlic,flour
parsley,tomato,onion,celery,prosciutto
parsley,tomato,onion,celery,beef,bay_leaf
parsley,tomato,onion,celery,egg,nutmeg,pasta
parsley,tomato,onion,celery,egg,nutmeg,flour
parsley,tomato,onion,celery,florence_fennel
parsley,tomato,onion,celery,bean,sage
parsley,tomato,onion,celery,nutmeg,sage,flour
parsley,tomato,onion,celery,spring_onion,peppercorn,bay_leaf,thyme,potato
parsley,tomato,onion,celery,bread,basil,flour,garlic
parsley,tomato,onion,celery,rosemary,pork
parsley,tomato,onion,celery,rosemary,red_wine,bay_leaf,garlic
parsley,tomato,onion,celery,rosemary,potato,garlic,flour,basil,oregano
parsley,tomato,onion,celery,rosemary,potato,garlic,flour,sage
parsley,tomato,onion,celery,rosemary,potato,garlic,bay_leaf,pasta,peppercorn,basil,oregano
parsley,tomato,onion,celery,rosemary,potato,garlic,bay_leaf,thyme,peppercorn,basil,oregano
parsley,tomato,onion,celery,rosemary,potato,garlic,bay_leaf,thyme,sage
parsley,tomato,onion,celery,rosemary,white_wine,chilli,pasta,basil,garlic,lemon,oregano
parsley,tomato,onion,celery,rosemary,white_wine,bay_leaf,tomato_paste,pasta
parsley,tomato,onion,celery,rosemary,white_wine,bay_leaf,white,garlic,pasta,peppercorn,basil,lemon,oregano,red_pepper
parsley,tomato,onion,celery,rosemary,white_wine,bay_leaf,white,garlic,pasta,peppercorn,basil,chicken_stock
parsley,tomato,onion,celery,rosemary,white_wine,bay_leaf,white,garlic,pasta,mushroom,chicken_stock
parsley,tomato,onion,celery,rosemary,white_wine,bay_leaf,white,garlic,thyme,peppercorn,basil,lemon,oregano,red_pepper
parsley,tomato,onion,celery,rosemary,white_wine,bay_leaf,white,garlic,thyme,peppercorn,basil,chicken_stock
parsley,tomato,onion,celery,rosemary,white_wine,bay_leaf,white,garlic,thyme,sage,chicken_stock
parsley,tomato,onion,celery,rosemary,white_wine,bay_leaf,white,garlic,thyme,mushroom,chicken_stock
parsley,tomato,onion,celery,rosemary,white_wine,bay_leaf,white,chicken,peppercorn,lemon
parsley,tomato,onion,celery,rosemary,white_wine,bay_leaf,white,veal
parsley,tomato,onion,celery,rosemary,white_wine,flour,garlic,white,basil,lemon,oregano
parsley,tomato,onion,celery,rosemary,white_wine,flour,garlic,white,sage
parsley,tomato,onion,celery,rosemary,white_wine,flour,garlic,white,mushroom
parsley,tomato,onion,celery,zucchini,pasta,basil
parsley,tomato,onion,cheese,egg,basil,pasta
parsley,tomato,onion,cheese,egg,basil,flour
parsley,tomato,onion,anchovy,lemon,pasta,basil,chilli,garlic,white_wine,olive_oil
parsley,tomato,onion,anchovy,lemon,pasta,basil,chilli,garlic,white_wine,oregano
parsley,tomato,onion,anchovy,lemon,pasta,basil,red_pepper,peppercorn,caper,oregano
parsley,tomato,onion,anchovy,lemon,pasta,basil,red_pepper,peppercorn,garlic,white_wine,olive_oil
parsley,tomato,onion,anchovy,lemon,pasta,basil,red_pepper,peppercorn,garlic,white_wine,oregano
parsley,tomato,onion,carrot,olive_oil,lemon,basil,egg,pasta
parsley,tomato,onion,carrot,olive_oil,lemon,basil,egg,flour
parsley,tomato,onion,carrot,olive_oil,lemon,basil,white_wine,garlic,pasta,peppercorn,red_pepper
parsley,tomato,onion,carrot,olive_oil,lemon,basil,white_wine,garlic,pasta,chilli
parsley,tomato,onion,carrot,olive_oil,lemon,basil,white_wine,garlic,flour
parsley,tomato,onion,carrot,beef,bay_leaf
parsley,tomato,onion,carrot,egg,nutmeg,pasta
parsley,tomato,onion,carrot,egg,nutmeg,flour
parsley,tomato,onion,carrot,prosciutto
parsley,tomato,onion,carrot,bean,sage
parsley,tomato,onion,carrot,nutmeg,sage,flour
parsley,tomato,onion,carrot,spring_onion,peppercorn,bay_leaf,thyme,potato
parsley,tomato,onion,carrot,zucchini,pasta,basil
parsley,tomato,onion,carrot,rosemary,pork
parsley,tomato,onion,carrot,rosemary,red_wine,bay_leaf,garlic
parsley,tomato,onion,carrot,rosemary,potato,garlic,flour,basil,oregano
parsley,tomato,onion,carrot,rosemary,potato,garlic,flour,sage
parsley,tomato,onion,carrot,rosemary,potato,garlic,bay_leaf,pasta,peppercorn,basil,oregano
parsley,tomato,onion,carrot,rosemary,potato,garlic,bay_leaf,thyme,peppercorn,basil,oregano
parsley,tomato,onion,carrot,rosemary,potato,garlic,bay_leaf,thyme,sage
parsley,tomato,onion,carrot,rosemary,white_wine,chilli,pasta,basil,garlic,lemon,oregano
parsley,tomato,onion,carrot,rosemary,white_wine,bay_leaf,tomato_paste,pasta
parsley,tomato,onion,carrot,rosemary,white_wine,bay_leaf,white,garlic,pasta,peppercorn,basil,lemon,oregano,red_pepper
parsley,tomato,onion,carrot,rosemary,white_wine,bay_leaf,white,garlic,pasta,peppercorn,basil,chicken_stock
parsley,tomato,onion,carrot,rosemary,white_wine,bay_leaf,white,garlic,pasta,mushroom,chicken_stock
parsley,tomato,onion,carrot,rosemary,white_wine,bay_leaf,white,garlic,thyme,peppercorn,basil,lemon,oregano,red_pepper
parsley,tomato,onion,carrot,rosemary,white_wine,bay_leaf,white,garlic,thyme,peppercorn,basil,chicken_stock
parsley,tomato,onion,carrot,rosemary,white_wine,bay_leaf,white,garlic,thyme,sage,chicken_stock
parsley,tomato,onion,carrot,rosemary,white_wine,bay_leaf,white,garlic,thyme,mushroom,chicken_stock
parsley,tomato,onion,carrot,rosemary,white_wine,bay_leaf,white,chicken,peppercorn,lemon
parsley,tomato,onion,carrot,rosemary,white_wine,bay_leaf,white,veal
parsley,tomato,onion,carrot,rosemary,white_wine,flour,garlic,white,basil,lemon,oregano
parsley,tomato,onion,carrot,rosemary,white_wine,flour,garlic,white,sage
parsley,tomato,onion,carrot,rosemary,white_wine,flour,garlic,white,mushroom
parsley,tomato,onion,carrot,bread,basil,flour,garlic
parsley,tomato,mint,basil
parsley,tomato,pine_nut,basil,pasta
parsley,tomato,squid
parsley,tomato,shrimp,white_wine
parsley,tomato,eggplant,basil
parsley,tomato,mussel
parsley,tomato,ricotta,egg,pasta,basil,cheese
parsley,tomato,ricotta,egg,pasta,nutmeg
parsley,tomato,ricotta,egg,flour,basil,cheese
parsley,tomato,ricotta,egg,flour,nutmeg
parsley,tomato,black_olive,caper,anchovy
parsley,tomato,spaghetti,pasta,basil
parsley,tomato,mozzarella,basil,oregano,pasta
parsley,tomato,mozzarella,basil,oregano,flour
parsley,vegetable_oil,flour
parsley,tuna
parsley,rice,onion
parsley,stock,celery,onion
sugar,flour,egg,heavy_cream,milk
sugar,flour,egg,lemon,milk,butter
sugar,flour,cinnamon,orange
cinnamon,flour,nutmeg
linguine,pasta
