parsley,649
lemon,644
onion,636
tomato,601
white,598
celery,586
flour,585
carrot,584
egg,575
white_wine,569
peppercorn,557
bay_leaf,552
garlic,547
rosemary,545
butter,541
potato,538
basil,537
ingredient,533
thyme,532
heavy_cream,528
olive_oil,521
egg_yolk,515
red_pepper,509
orange,502
milk,502
chilli,484
bread,482
chicken_stock,482
spring_onion,478
oregano,477
red_onion,472
pasta,471
sage,468
vinegar,467
cinnamon,467
mushroom,467
mint,463
nutmeg,462
sugar,447
pine_nut,444
red_wine,437
honey,436
vegetable_oil,434
ricotta,431
shallot,422
stick,419
caper,416
anchovy,415
florence_fennel,412
almond,407
cheese,407
chicken,401
pork,394
chive,390
tomato_paste,386
raisin,385
prosciutto,380
wine_vinegar,380
pea,374
walnut,374
rice,373
veal,364
zucchini,362
spinach,359
beef,358
bean,357
stock,356
fennel_seed,354
shrimp,351
coriander_seed,351
sweet_pepper,349
salt,347
cream,343
rocket,341
apple,340
castor_sugar,337
cherry tomato,325
vegetable,325
black_olive,323
ginger,316
globe_artichoke,315
brandy,315
mascarpone,314
saffron,313
semolina,308
bacon,305
green_olive,302
sherry,302
mozzarella,298
sweet,297
plain_flour,296
fish,294
eggplant,292
lime,289
asparagus,288
juniper_berry,288
wine,286
cherry,285
ham,284
tomato_sauce,283
hazelnut,282
tuna,280
pistachio_nut,278
meat,276
sausage,274
jelly,274
cauliflower,273
corn,273
dark_chocolate,273
cumin_seed,271
olive,270
white_bread,270
pear,269
radicchio,267
tarragon,263
green_bean,263
double_cream,263
cornmeal,263
cucumber,260
shoulder,257
lard,257
pastry,256
chestnut,255
paste,255
grape,252
lamb,252
lettuce,252
white_pepper,250
truffle,250
mayonnaise,250
fig,249
kosher,247
squid,247
garbanzo,247
grain,246
beef_stock,245
cabbage,242
spaghetti,241
polenta,241
mussel,240
cooky,239
rum,238
escarole,237
dill_weed,234
cocoa_powder,233
sunflower_oil,232
vanilla_bean,231
leafy_vegetable,230
green_pepper,229
herb,227
goat_cheese,224
beetroot,224
duck,222
drinking_chocolate,222
berry,221
mustard_greens,220
salami,220
orange_juice,219
peach,219
currant,218
yogurt,217
clam,217
ground_beef,215
granulated_sugar,215
whipping_cream,214
rabbit,214
soured_cream,212
penne,212
pumpkin,211
butternut_squash,211
star_anise,211
grappa,211
watercress,210
radish,209
patty,209
turkey,209
fava_bean,207
chicken_liver,207
strawberry,206
single_cream,205
allspice,205
lentil,205
broccoli,205
hard-cooked_egg,204
sultana,200
vanilla_extract,198
scallop,198
buttermilk,198
cranberry,198
hard_wheat,197
rock,197
pork_loin,196
tart,196
sauce,195
cardamom,194
leg,194
apricot,193
salmon,188
crabmeat,188
raspberry,188
lobster,188
wheat_flour,188
fillet,187
artichoke_heart,185
juice,184
horseradish,181
celery_root,179
brown_sugar,179
baguette,178
linguine,177
banana,176
prune,176
curly_endive,176
white_turnip,176
liver,176
curry_powder,174
romaine_lettuce,173
swordfish,171
chervil,171
snapper,171
quail,170
rigatoni,168
citron,167
dry_mustard,166
peanut_oil,166
cider_vinegar,166
sesame_seed,165
cod,165
fettuccine,165
aniseed,163
water,163
avocado,162
orange_peel,162
dandelion_green,161
mustard_seed,161
wheat_berry,160
loin,160
cream_cheese,158
white_bean,157
sardine,156
vodka,156
anchovy_paste,156
pomegranate,155
octopus,154
tagliatelle,154
quince,152
beer,152
sourdough_bread,151
plum,149
venison,148
pineapple,147
rib,147
salt_pork,147
whole_wheat_flour,146
pork_belly,145
dried_apricot,144
soy_sauce,143
broccoli_rabe,142
sea_bass,142
blueberry,141
salad_green,141
monkfish,140
coffee,139
canola_oil,139
pork_sausage,137
sea_scallop,136
grapefruit,136
gherkin,134
parsnip,134
syrup,133
sole,132
mullet,131
macaroni,130
red_cabbage,130
oyster,130
littleneck_clam,130
steak,130
corn_syrup,130
vermouth,130
lasagne,128
trout,128
sparkling_water,128
powdered_milk,126
liqueur,124
squash,124
salt_cod,124
sweetbread,123
caraway_seed,121
halibut,120
dry_vermouth,120
sweet potato,120
roll,120
tomato_ketchup,119
buffalo,119
icing_sugar,118
spaghettini,118
barley,117
espresso,116
mace,116
sour_cherry,116
ziti,116
pheasant,115
couscous,115
capon,115
spiny_lobster,114
pearl_barley,113
sandwich,113
grated_cheese,113
yellow_squash,113
turmeric,113
mango,112
smoked_salmon,112
red_snapper,111
buckwheat,111
rye,111
kale,110
marinara,110
cheddar_cheese,109
cardoon,109
maple_syrup,109
eel,109
rump,108
pecan,108
marrow,107
langoustine,107
tongue,107
sambuca,106
brain,106
swiss_chard,106
navel_orange,106
crystallized_fruit,105
date,105
string_bean,105
fatback,105
oyster mushroom,105
almond_extract,104
tangerine,104
walnut_oil,104
puff,104
blackberry,104
scampi,103
farfalle,103
squab,103
tripe,103
vermicelli,102
beef_tenderloin,102
pizza,102
sausage_meat,102
pork_tenderloin,101
rhubarb,101
goose,101
brisket,101
sirloin,101
borage,100
cherry pepper,99
whole_wheat_bread,99
fowl,97
pumpkin_seed,96
wood_sorrel,95
beet_green,94
iceberg_lettuce,94
apple_juice,93
salad,92
molasses,92
cantaloupe,92
sea_bream,92
mackerel,91
sparerib,91
brioche,91
lamb_chop,91
vanilla_ice_cream,90
lima_bean,89
watermelon,89
sugar_snap_pea,89
haricot,88
rye_bread,88
lemon_peel,88
bouillon_cube,88
white_chocolate,87
top_round,87
leg_of_lamb,87
dill_pickle,86
tapioca,86
heart,86
safflower_oil,86
foie_gras,86
chicken leg,85
tomato_juice,85
kidney_bean,83
coconut_milk,83
grain alcohol,83
yellow_bean,82
brown_rice,82
roe,81
sour,80
cider,80
ice_cream,80
nectarine,80
savory,80
orzo,80
caviar,80
seafood,79
lobster_tail,79
melon,78
anisette,78
chuck,78
beef_tongue,77
self-rising_flour,77
round,76
beefsteak tomato,76
coconut,75
grouper,75
orange_liqueur,74
simple,74
tortellini,73
shellfish,73
gin,73
peanut,72
guinea_hen,72
ladyfinger,72
blue_cheese,72
noodle,72
milk_chocolate,72
sunflower_seed,72
winter_squash,71
sesame_oil,71
sponge_cake,70
short_ribs,70
kirsch,69
turbot,69
ham_hock,69
flounder,69
corn_oil,68
white_rice,68
summer_squash,68
partridge,68
dessert_wine,67
pepperoni,67
striped_bass,67
celery_seed,67
potato_chip,67
adobo,66
shell_bean,66
demerara_sugar,66
salsify,65
bay_scallop,65
gum,65
whisky,64
relish,64
spelt,64
flank_steak,63
snow_pea,63
hake,63
hot_sauce,63
meal,63
salsa,62
roast,62
napa,62
red_currant,61
candied_citrus_peel,61
sparkling_wine,61
snail,61
lemongrass,60
soft-shell_crab,60
chorizo,60
almond oil,60
sauerkraut,59
crouton,59
spice,59
latte,57
food_colouring,57
orange_marmalade,57
cockle,56
roast_pork,56
turtle_bean,56
pinto_bean,56
sashimi,54
tea,54
pickle,54
porterhouse,54
farmer's_cheese,54
sunchoke,54
bottom_round,54
collard_greens,54
lemon_extract,54
edible,53
mince,53
marmalade,53
tenderloin,53
veal_roast,53
condensed_milk,53
graham_cracker,52
mutton,52
stock_cube,52
wild_rice,52
turnip_greens,51
sprinkle,51
coffee_liqueur,51
chili_powder,51
cashew_nut,50
macadamia_nut,50
pie,50
suckling_pig,49
haddock,49
mandarin_orange,49
clementine,49
porterhouse_steak,49
dried_fruit,49
porgy,48
ravioli,48
haricots_verts,48
tortilla,48
wheat_germ,48
swede,48
perch,48
hero roll,47
bitter green,47
breadstick,47
lovage,47
curry,47
curd,47
lemon_balm,47
pot_roast,46
acorn_squash,46
rack_of_lamb,46
citrus_fruit,46
peanut_butter,46
huckleberry,46
sea_trout,45
spearmint,45
bitter,45
sirloin_steak,45
arrowroot,45
strawberry_jam,45
rolled_oats,45
bourbon,44
tapenade,44
pumpernickel,43
pawpaw,43
carp,43
stew_meat,43
jam,43
honeycomb_tripe,43
persimmon,43
bread_dough,43
hot_dog,43
wafer,43
sake,42
rape,42
carrot_juice,42
kumquat,42
instant_coffee,42
tofu,42
angelica,42
herring,41
crystallized_ginger,41
osso_buco,41
tahini,41
cherrystone_clam,40
goose_liver,40
gravy,40
whitefish,40
hot_pepper,39
oyster_cracker,39
stockfish,39
shin_bone,39
gem,39
agar,39
bouillon,39
whiting,38
matzo,38
tomato_concentrate,38
submarine_sandwich,38
sesame,38
demiglace,38
black_bass,38
game stock,38
custard,38
sweet_vermouth,37
marzipan,37
pike,37
muscat_grape,36
garlic_chive,36
runner_bean,36
catfish,36
oat,36
roast_beef,35
spaghetti_squash,35
mustard oil,34
ale,34
gnocchi,34
malt,34
lamb's_lettuce,34
bean_sprout,34
blue_crab,34
black-eyed_pea,34
passion_fruit,34
vinaigrette,34
crab_legs,33
corn_salad,33
hock,33
chocolate_ice_cream,33
mix,33
wild_strawberry,33
nasturtium,33
whitebait,33
split,33
poppy_seed,32
leaf_lettuce,32
cocktail,32
king_crab,32
egg_noodle,32
fenugreek_seed,32
challah,32
chipotle,32
brook_trout,32
honeydew_melon,32
butter_cookie,31
cake_mix,31
smoked_eel,31
pound_cake,31
manicotti,31
chocolate_syrup,31
fish_steak,30
liquorice,30
treacle,30
hen,30
chutney,30
sweet_cherry,30
violet,30
risotto,30
candy,30
scorzonera,30
celery_salt,30
pie_shell,29
lemon_sole,29
vol-au-vent,29
dandelion,29
bulgur,29
mostaccioli,29
chamomile,29
starter,28
fondant,28
clarified_butter,28
duckling,28
turkey leg,27
soup,27
aquavit,27
hubbard_squash,27
purslane,27
snap_bean,27
wonton,27
cress,26
pesto,26
dragee,26
pepper_sauce,26
apple_jelly,26
hardtack,25
smoked_haddock,25
fruit_juice,25
cocoa_butter,25
phyllo,25
caramel,25
lemon_oil,25
couverture,25
bun,25
black_mustard,25
miner's_lettuce,25
cranberry_juice,25
toast,24
evaporated_milk,24
pita,24
smoked_herring,24
schnapps,23
cottonseed_oil,23
neck,23
rump_steak,23
kaffir,23
puree,23
margarine,23
crookneck_squash,23
geranium,22
giblet,22
tea_biscuit,22
kohlrabi,22
hay,22
muscatel,22
bluefish,22
lemon_juice,21
safflower,21
blood_sausage,21
rainbow_trout,21
tamarind,21
round_steak,21
grape_juice,21
preserve,21
yellowfin_tuna,21
bok_choy,21
marshmallow,21
burger,20
beef_neck,20
frog_legs,20
torpedo roll,20
redfish,20
whelk,20
hindquarter,20
horseradish_sauce,20
fudge_sauce,19
plaice,19
pudding,19
winter_savory,19
mineral_water,19
macaroon,19
salad_oil,19
bamboo,19
sorbet,19
rump_roast,19
dinner,19
peppermint,19
powdered_sugar,18
knockwurst,18
garlic_bread,18
hamburger_bun,18
rock_salmon,18
rose,18
beef_stew,18
legume,18
rue,18
graham,18
freshwater_fish,17
jack,17
millet,17
chocolate_cake,17
croissant,17
tortilla_chip,17
seltzer,17
butternut,17
candy_bar,17
shad,17
chickweed,17
graham_bread,16
applesauce,16
grape_jelly,16
minute_steak,16
hard-shell_clam,16
anise_hyssop,16
breast_of_veal,16
grouse,16
tomatillo,16
cane_sugar,15
strawberry_ice_cream,15
soft_roll,15
candy_cane,15
blade,15
pullet,15
cockscomb,15
offal,15
cornbread,15
toffee,15
pennyroyal,15
baking_chocolate,15
prickly_pear,15
plum_sauce,15
corned_beef,15
nectar,14
lemon_curd,14
refried_beans,14
wasabi,14
pompano,14
forequarter,14
pretzel,14
schnitzel,14
lager_beer,14
smelt,14
kaiser_roll,14
butterfish,14
summer_savory,14
nougat,14
gingersnap,13
confit,13
clover,13
blanc,13
praline,13
picnic,13
chili,13
johnnycake,13
yam,13
game,13
plantain,13
loganberry,12
grapefruit_juice,12
strip_steak,12
soy_flour,12
pattypan_squash,12
chocolate_fudge,12
anadama_bread,12
grenadine,12
witloof,12
boysenberry,12
sugar_syrup,12
beef_loin,12
saddle,12
maize,12
nonpareil,12
green_tea,12
samphire,12
chine,11
cracked_wheat,11
popcorn,11
loquat,11
meatball,11
scrod,11
yarrow,11
rib_roast,11
frozen_yogurt,11
elderberry,11
poi,11
table,11
root_vegetable,11
sorghum,11
breakfast,11
buttercup_squash,11
soybean_oil,11
rack,11
malmsey,10
garlic_butter,10
sushi,10
fudge,10
filling,10
tequila,10
cappuccino,10
spaghetti_sauce,10
co,10
matzo_meal,10
poultry,9
chilli pepper,9
lychee,9
saltine,9
sweet_pickle,9
star_fruit,9
alcohol,9
garlic_salt,9
bottled_water,9
sugarcane,9
cappelletti,9
nut_bread,9
grit,9
hominy,9
meatloaf,9
chop,9
malted_milk,8
kiwi,8
oatmeal_cookie,8
concentrate,8
stone_bass,8
steamer_clam,8
e,8
quahog,7
tempura,7
galangal,7
cannelloni,7
ghee,7
emmer,7
pineapple_juice,7
blowfish,7
tartlet,7
farina,7
smoked_mackerel,7
bowtie_pasta,7
daikon,7
almond_cookie,6
dripping,6
suet,6
custard_apple,6
periwinkle,6
gray_sole,6
cream_puff,6
black_currant,6
duck_sauce,6
bisque,6
stew,6
brownie,5
egg_roll,5
marshmallow_fluff,5
kingfish,5
bamboo_shoot,5
crabapple,5
shortbread_cookie,5
black_walnut,5
ginger_beer,5
liquor,5
vegetable_soup,5
comfrey,5
catmint,5
root_beer,5
dill_seed,5
okra,5
anchovy_sauce,4
variety_meat,4
shad_roe,4
dough,4
waffle,4
tiramisu,4
granola,4
cocktail_sauce,4
ginger_ale,4
butterhead_lettuce,4
ugli_fruit,4
nut_butter,4
bratwurst,4
caraway,4
ice,3
corn cob,3
pea_flour,3
bluefin_tuna,3
quark_cheese,3
seasoning,3
terrine,3
buttercrunch,3
round roll,3
entrecote,3
elver,3
manzanilla,3
raisin_bread,3
porridge,3
chitterlings,3
adzuki_bean,3
lox,3
coho_salmon,3
piccalilli,3
brownie_mix,3
vitamin_c,3
ouzo,2
chicken_soup,2
mutton_chop,2
ratatouille,2
carob_powder,2
hickory_nut,2
mulberry,2
paella,2
tonic_water,2
pansy,2
bilberry,1
sour_orange,1
