parsley,312
tomato,284
bay_leaf,270
garlic,263
onion,262
carrot,228
sweet_pepper,228
thyme,227
spring_onion,225
lemon,216
peppercorn,215
chilli,212
sherry,210
white,202
red_pepper,193
saffron,193
potato,193
white_wine,192
almond,191
coriander_seed,185
vinegar,180
olive_oil,180
cinnamon,177
egg,174
rice,164
bread,161
chicken,160
ham,160
orange,159
chicken_stock,154
celery,152
cumin_seed,151
pork,149
mint,149
rosemary,148
flour,143
shrimp,142
wild_marjoram,141
pine_nut,140
mushroom,139
green_pepper,138
sausage,135
fish,135
bacon,134
shallot,131
milk,130
egg_yolk,127
vegetable_oil,125
red_onion,125
sunflower_oil,124
brandy,122
apple,121
nutmeg,121
lime,118
pea,117
heavy_cream,114
chorizo,111
fennel,106
beef,106
honey,102
green,102
sugar,102
sweet,101
mussel,100
garbanzo,99
stock,98
raisin,97
anchovy,97
lettuce,96
red_wine,96
squid,95
lamb,92
caper,91
butter,91
lard,89
asparagus,88
tomato_paste,88
spinach,88
tuna,86
caster_sugar,84
black_olive,83
clam,83
ginger,82
veal,81
tortilla,79
hazelnut,78
green_bean,78
globe_artichoke,77
monkfish,76
chive,76
mayonnaise,76
pasta,75
aniseed,74
green_olive,73
rabbit,73
eggplant,73
cabbage,71
basil,71
walnut,70
salt_cod,70
grain,69
fennel_seed,68
white_turnip,68
white_bread,68
tarragon,66
cider_vinegar,64
fava_bean,64
duck,62
orange_juice,61
salt,60
cream,60
star_anise,59
dark_chocolate,58
tomato_sauce,57
pork_loin,57
paste,57
lobster,57
baguette,57
cucumber,56
olive,55
peanut_oil,55
cauliflower,54
wine_vinegar,52
juice,52
hake,51
beef_stock,51
white_bean,51
liver,51
corn,51
herb,50
cardamom,50
shoulder,50
prune,49
vegetable,49
avocado,48
meat,48
crabmeat,48
pear,48
quail,47
ground_beef,46
cherry tomato,46
sour_cream,46
jelly,46
grape,45
fillet,45
noodle,45
bean,44
salmon,44
pastry,43
cod,43
pork_sausage,42
langoustine,42
truffle,42
prosciutto,41
fig,41
cheese,40
artichoke_heart,40
leg,39
lemongrass,39
dill_pickle,39
scallop,39
lima_bean,38
single_cream,38
sardine,38
dill,38
pumpkin,37
vanilla_bean,37
allspice,36
mullet,36
partridge,36
chestnut,35
striped_bass,35
watercress,35
chicken_liver,35
radish,34
hard-cooked_egg,34
rum,34
salvia,33
soy_sauce,32
plain_flour,32
lentil,32
peach,32
escarole,31
romaine_lettuce,31
snail,31
whipping_cream,31
sparerib,30
turmeric,30
goat_cheese,29
oyster mushroom,29
salt_pork,29
sesame_seed,28
rocket,28
white_pepper,28
trout,28
dried_apricot,27
cider,27
beetroot,27
rib,27
liquorice,26
drinking_chocolate,26
aioli,26
sweet potato,26
pastis,26
liqueur,25
littleneck_clam,25
paella,25
ham_hock,25
strawberry,25
cake,25
juniper_berry,24
beer,24
turkey,24
manzanilla,23
octopus,23
granulated_sugar,22
cornmeal,22
pork_belly,21
sultana,21
blood_sausage,21
curry_powder,21
kosher,21
bonito,20
mustard_seed,20
pumpkin_seed,20
cherry,20
wine,19
shellfish,19
spiny_lobster,19
tripe,19
currant,18
pork_tenderloin,18
gherkin,18
swordfish,18
sesame_oil,18
yogurt,18
semolina,18
sparkling_water,18
raspberry,18
vanilla_extract,18
whiting,17
quince,17
water,17
pickle,17
bay_scallop,17
cheddar_cheese,17
brisket,17
sole,17
navel_orange,17
berry,17
pomegranate,17
tomatillo,17
haricot,16
vodka,16
coffee,16
vermicelli,16
rock,16
black_bean,16
date,15
marrow,15
banana,15
horseradish,15
caraway_seed,15
grouper,15
halibut,14
cocoa_powder,14
steak,14
tequila,14
double_cream,14
sea_bream,14
sandwich,13
cockle,13
smoked_salmon,13
kidney_bean,12
tomato_ketchup,12
sourdough_bread,12
chervil,12
white_rice,12
plantain,12
sea_bass,12
muscatel,11
heart,11
sugar_snap_pea,11
beefsteak tomato,11
orange_liqueur,11
pistachio_nut,11
mackerel,10
peanut,10
spaghetti,10
tomato_juice,10
foie_gras,10
brain,10
yellowfin_tuna,10
turnip_greens,9
pineapple,9
turbot,9
snapper,9
lasagne,8
mango,8
ricotta,8
anisette,8
red_cabbage,8
butternut_squash,8
leg_of_lamb,8
eel,8
cream_cheese,8
peppermint,8
venison,8
coconut_water,8
porgy,7
chicken leg,7
salad_green,7
mustard_greens,7
sea_scallop,7
bouillon_cube,7
hominy,7
loin,7
parsnip,7
nectar,6
scampi,6
cannelloni,6
tahini,6
chuck,6
self-rising_flour,6
celery_root,6
squab,6
oyster,6
grated_cheese,6
apple_juice,6
bulgur,6
apricot,6
almond_extract,5
red_snapper,5
bean_sprout,5
syrup,5
vanilla_ice_cream,5
beef_tenderloin,5
lamb_chop,5
macaroni,5
broccoli,5
orange_marmalade,5
roll,5
tart,5
roe,4
melon,4
espresso,4
frog_legs,4
pizza,4
powdered_milk,4
polenta,4
gem,4
ladyfinger,4
icing_sugar,4
cantaloupe,4
pita,4
rump,4
sesame,4
blue_crab,4
curd,4
condensed_milk,4
brown_sugar,4
grapefruit,4
gum,3
galangal,3
edible,3
soup,3
sunflower_seed,3
hock,3
sour_orange,3
grenadine,3
chipotle,3
pickled_herring,3
blue_cheese,3
yam,3
sweetbread,3
phyllo,3
kaffir,3
vinaigrette,3
margarine,3
almond oil,3
instant_coffee,3
corn_syrup,3
gin,3
pinto_bean,3
cranberry_juice,3
caraway,3
suckling_pig,2
frankfurter,2
herring,2
blueberry,2
candied_fruit,2
muscat_grape,2
sauce,2
cooky,2
meal,2
cocoa_butter,2
forequarter,2
grappa,2
radicchio,2
mince,2
molasses,2
watermelon,2
grape_juice,2
swiss_chard,2
spaghetti_squash,2
collard_greens,2
pot_cheese,2
salmon_trout,2
short_ribs,2
sorrel,2
cardoon,2
sirloin,2
salad_oil,2
mascarpone,1
sashimi,1
mozzarella,1
schnapps,1
evaporated_milk,1
rhubarb,1
cocktail,1
cherry pepper,1
white_chocolate,1
scrod,1
citrus,1
ice_cream,1
quark_cheese,1
tongue,1
smoked_eel,1
coconut,1
breakfast,1
mace,1
jam,1
honeycomb_tripe,1
terrine,1
yellow_squash,1
winter_squash,1
puff,1
kirsch,1
co,1
simple,1
dry_vermouth,1
buttermilk,1
tartlet,1
smelt,1
canola_oil,1
kale,1
couverture,1
blackberry,1
flounder,1
snow_pea,1
citron,1
demerara_sugar,1
green_tea,1
buffalo,1
